Fecha;PM10;PM2.5;NO;NO2;NOX;SO2;CO;OZONO
05-02-2020 01:00;44;15;47,1;30,5;77,6;0;1,07;1,2
05-02-2020 02:00;39;15;43;28,7;71,7;0;0,96;1,1
05-02-2020 03:00;49;22;24,7;27,1;51,8;0;0,77;1,5
05-02-2020 04:00;45;17;11;24,8;35,8;0;0,61;1,5
05-02-2020 05:00;42;20;20,5;23,9;44,4;0;0,62;1
05-02-2020 06:00;25;17;96,5;27,4;124;0;1,1;1,2
05-02-2020 07:00;68;25;181,9;33,3;215,1;0;2,17;1,8
05-02-2020 08:00;109;53;107,4;34,1;141,4;0;1,71;3
05-02-2020 09:00;90;38;81,4;45,4;126,8;0;1,69;7,6
05-02-2020 10:00;87;32;45,9;41,2;87,1;0;1,24;14,1
05-02-2020 11:00;74;25;22,6;26,9;49,4;0;0,84;21,3
05-02-2020 12:00;57;16;13,6;20,2;33,8;0;0,69;26,8
05-02-2020 13:00;32;10;9,2;13,7;22,9;0;0,59;28,7
05-02-2020 14:00;24;6;7,2;6,4;13,6;0;0,44;23,2
05-02-2020 15:00;8;0;8,8;7,2;15,9;0;0;23,3
05-02-2020 16:00;24;0;6;6,6;12,5;0;0,19;23
05-02-2020 17:00;19;2;10,6;11,2;21,8;0;0,28;21,2
05-02-2020 18:00;19;1;11,6;17,9;29,4;0;0,46;17,3
05-02-2020 19:00;32;6;11;32,5;43,5;0;0,86;11,6
05-02-2020 20:00;57;21;8,1;30,6;38,7;0;0,64;10,1
05-02-2020 21:00;47;18;10,2;32,4;42,5;0;0,67;7,5
05-02-2020 22:00;53;16;12,3;23,8;36;0;0,58;11,5
05-02-2020 23:00;33;19;3,1;15;18,1;0;0,42;16,5
05-02-2020 24:00;30;8;4,1;20,5;24,6;0;0,4;11,4
06-02-2020 01:00;21;17;11,4;31,5;43;0;0,46;2,9
06-02-2020 02:00;47;13;9,9;31,8;41,6;0;0,45;1,4
06-02-2020 03:00;31;16;18,6;28,2;46,8;0;0,47;1,6
06-02-2020 04:00;47;18;18,8;27,7;46,5;0;0,4;1,5
06-02-2020 05:00;37;19;13,9;26,2;40,2;0;0,43;1,6
06-02-2020 06:00;32;21;54;29,6;83,5;0;0,73;1,4
06-02-2020 07:00;48;32;99,3;31,2;130,6;0;0,84;1,5
06-02-2020 08:00;66;39;119,9;37,5;157,4;0;1,06;3,1
06-02-2020 09:00;111;52;71;37,4;108,5;0;0,74;7,8
06-02-2020 10:00;96;40;30,9;26,3;57,2;0;0,45;14,9
06-02-2020 11:00;67;15;15;15,3;30,3;0;0,27;20,3
06-02-2020 12:00;38;3;4,9;4,1;9;0;0,16;22,5
06-02-2020 13:00;15;2;4,5;3,6;8,2;0;0,16;22,9
06-02-2020 14:00;15;3;3,8;3,6;7,4;0;0,13;23,5
06-02-2020 15:00;17;2;5,7;4,3;9,9;0;0,15;23,6
06-02-2020 16:00;19;5;5,3;5,1;10,4;0;0,14;24,2
06-02-2020 17:00;22;8;9,7;10,8;20,5;0;0,22;22,3
06-02-2020 18:00;28;7;10,4;14,7;25,1;0;0,3;19,7
06-02-2020 19:00;29;12;8,5;33,5;42;0;0,49;15,2
06-02-2020 20:00;78;32;7,2;35,2;42,4;0;0,48;15,8
06-02-2020 21:00;66;31;5,1;35,8;40,9;0;0,47;14,1
06-02-2020 22:00;61;25;11,6;38,8;50,4;0;0,63;5,6
06-02-2020 23:00;59;31;39,9;38,9;78,8;0;0,94;1
06-02-2020 24:00;63;21;37,3;37;74,2;0;0,78;0,9
07-02-2020 01:00;36;16;24,9;33,6;58,5;0;0,61;1,4
07-02-2020 02:00;40;23;8,2;30,1;38,3;0;0,48;2,2
07-02-2020 03:00;36;17;15,8;28,7;44,5;0;0,47;1,4
07-02-2020 04:00;41;14;12;26,4;38,4;0;0,44;1,8
07-02-2020 05:00;39;14;6,1;25,2;31,4;0;0,42;2,7
07-02-2020 06:00;44;19;45,5;28,5;74;0;0,68;1,3
07-02-2020 07:00;54;29;134,9;34,2;169;0;1,72;2,1
07-02-2020 08:00;100;51;111,4;38,2;149,6;0;1,74;4,2
07-02-2020 09:00;82;44;71,4;44,9;116,3;0;1,53;8
07-02-2020 10:00;102;44;40,5;40;80,4;0;1,11;16,1
07-02-2020 11:00;84;24;13,9;23,6;37,5;0;0,6;27,5
07-02-2020 12:00;58;17;12;29,7;41,7;0;0,68;38,1
07-02-2020 13:00;69;31;7,7;32,3;40,1;0;0,73;51,1
07-02-2020 14:00;72;28;5,1;29;34,1;0;0,7;57,4
07-02-2020 15:00;120;44;5,9;22,1;27,9;0;0,61;45,2
07-02-2020 16:00;109;36;7,1;21,7;28,8;0;0,59;34,2
07-02-2020 17:00;77;34;6,4;21,3;27,7;0;0,62;32,5
07-02-2020 18:00;73;27;6,5;27,5;34;0;0,77;25,6
07-02-2020 19:00;79;35;9,8;32,9;42,7;0;0,91;19,1
07-02-2020 20:00;96;28;8,8;32,2;40,9;0;0,98;17,2
07-02-2020 21:00;67;24;9,6;40,7;50,4;0;0,98;10,9
07-02-2020 22:00;80;28;6;43,9;49,8;0;0,91;7,4
07-02-2020 23:00;70;31;12;45,7;57,7;0;0,98;6,3
07-02-2020 24:00;76;39;9,4;44;53,4;0;0,86;7,5
08-02-2020 01:00;73;40;5,6;33,9;39,4;0;0,65;12,5
08-02-2020 02:00;56;27;3,6;27,7;31,3;0;0,59;14,2
08-02-2020 03:00;68;36;4,3;27,3;31,6;0;0,55;13,4
08-02-2020 04:00;60;32;1,9;22,1;24,1;0;0,45;9,4
08-02-2020 05:00;62;31;5,8;29;34,8;0;0,43;2,8
08-02-2020 06:00;51;26;7,5;30,2;37,7;0;0,52;2,8
08-02-2020 07:00;64;24;21,9;30,7;52,7;0;0,75;2,9
08-02-2020 08:00;77;38;33,6;30,8;64,4;0;0,9;5,8
08-02-2020 09:00;74;37;34,6;32,5;67,1;0;1,01;13
08-02-2020 10:00;73;34;12,1;25,6;37,6;0;0,66;24,2
08-02-2020 11:00;63;35;9,2;21,9;31,1;0;0,54;32,6
08-02-2020 12:00;78;36;6,3;14,9;21,2;0;0,49;36
08-02-2020 13:00;68;28;7;13,4;20,5;0;0,5;33,4
08-02-2020 14:00;105;20;7,1;16,2;23,2;0;0,57;30
08-02-2020 15:00;65;26;8,4;17,6;26,1;0;0,56;28,8
08-02-2020 16:00;65;25;9,7;19,8;29,5;0;0,66;22,7
08-02-2020 17:00;64;20;7,1;18,9;26;0;0,56;20
08-02-2020 18:00;47;44;5,3;26,2;31,5;0;0,69;12
08-02-2020 19:00;30;0;11,9;34,9;46,8;0;0,96;5,8
08-02-2020 20:00;26;0;16,5;39,5;56;0;1,06;2,1
08-02-2020 21:00;24;0;33,1;40,4;73,5;0;1,18;0,9
08-02-2020 22:00;37;0;40,5;29,5;70;0;1,46;0,9
08-02-2020 23:00;0;0;0;0;0;0;1,2;0,9
08-02-2020 24:00;0;0;0;0;0;0;0;0
09-02-2020 01:00;0;0;0;0;0;0;0;0
09-02-2020 02:00;0;0;0;0;0;0;0;0
09-02-2020 03:00;0;0;0;0;0;0;0;0
09-02-2020 04:00;0;0;0;0;0;0;0;0
09-02-2020 05:00;0;0;0;0;0;0;0;0
09-02-2020 06:00;0;0;0;0;0;0;0;0
09-02-2020 07:00;0;0;0;0;0;0;0;0
09-02-2020 08:00;0;0;0;0;0;0;0;0
09-02-2020 09:00;0;0;0;0;0;0;0;0
09-02-2020 10:00;0;0;3,8;5,4;9,2;0;0;12,4
09-02-2020 11:00;65;18;4,6;9,7;14,3;0;0,76;27,6
09-02-2020 12:00;83;3;3,1;7;10,1;0;0,48;34,5
09-02-2020 13:00;28;6;2,5;6,6;9,1;0;0,41;38,5
09-02-2020 14:00;35;17;3,2;10,1;13,3;0;0,46;44,6
09-02-2020 15:00;34;18;3,4;14,5;18;0;0,54;46,4
09-02-2020 16:00;74;37;3,1;12;15,1;0;0,49;40
09-02-2020 17:00;61;30;2,2;12,1;14,3;0;0,49;39,1
09-02-2020 18:00;48;27;3,6;11,5;15,1;0;0,49;27,9
09-02-2020 19:00;0;21;7,4;19,3;26,7;0;0,61;23,2
09-02-2020 20:00;12;10;6;28,6;34,6;0;0,71;9
09-02-2020 21:00;32;20;6,7;22;28,8;0;0,64;11,9
09-02-2020 22:00;36;17;4,1;17;21,1;0;0,52;14,5
09-02-2020 23:00;36;18;9,6;27,6;37,2;0;0,7;4,6
09-02-2020 24:00;38;14;6,1;27,3;33,5;0;0,62;4,6
10-02-2020 01:00;29;21;2,6;20,8;23,4;0;0,5;6,3
10-02-2020 02:00;37;13;2,6;20,7;23,2;0;0,45;5,5
10-02-2020 03:00;38;15;1,2;10,4;11,5;0;0,31;14,6
10-02-2020 04:00;29;13;2,3;11,5;13,8;0;0,32;15,8
10-02-2020 05:00;21;16;16;26,4;42,3;0;0,44;5,7
10-02-2020 06:00;32;16;48,4;39,3;87,1;0;0,76;3,1
10-02-2020 07:00;52;32;54,6;34,5;89,3;0;1,12;2,2
10-02-2020 08:00;36;29;40,5;27,2;67,8;0;1,04;8,7
10-02-2020 09:00;39;11;11,3;13,4;24,8;0;0,54;18,3
10-02-2020 10:00;23;9;11;8,7;19,8;0;0,37;20,3
10-02-2020 11:00;23;9;5,5;5,2;10,7;0;0,27;22,6
10-02-2020 12:00;8;4;4,2;4,6;8,8;0;0,25;23,3
10-02-2020 13:00;11;3;4;4,6;8,5;0;0,25;24,5
10-02-2020 14:00;11;3;3,9;4,7;8,7;0;0,27;25
10-02-2020 15:00;22;3;3,9;5,1;9,1;0;0,27;25,2
10-02-2020 16:00;18;7;3,8;5,6;9,5;0;0,28;24,9
10-02-2020 17:00;25;9;3,2;5,8;9,1;0;0,28;24,7
10-02-2020 18:00;17;5;4,2;11,4;15,6;0;0,38;21,4
10-02-2020 19:00;23;6;6,9;16,5;23,6;0;0,47;18,8
10-02-2020 20:00;26;12;6,9;19,6;26,5;0;0,53;16,4
10-02-2020 21:00;30;12;7,5;21,3;28,8;0;0,56;14,3
10-02-2020 22:00;28;15;5;22,7;27,7;0;0,53;11,6
10-02-2020 23:00;32;11;16,1;35,3;51,3;0;0,99;2,3
10-02-2020 24:00;34;21;18,8;32,4;51,1;0;0,77;0,8
11-02-2020 01:00;43;14;14,5;31,2;45,8;0;0,63;1,4
11-02-2020 02:00;37;12;12,1;28,6;40,6;0;0,49;1,2
11-02-2020 03:00;26;9;12,8;26,7;39,6;0;0,46;2
11-02-2020 04:00;38;15;12,1;25,7;37,8;0;0,44;2,7
11-02-2020 05:00;42;17;20,9;26,5;47,5;0;0,47;1,3
11-02-2020 06:00;38;15;114,3;44,9;160;0;1,02;2,6
11-02-2020 07:00;81;30;24,5;28,9;53,3;0;0,75;6,5
11-02-2020 08:00;40;16;14,7;19,8;34,4;0;0,76;15,2
11-02-2020 09:00;34;12;12,1;14,3;26,5;0;0,57;20,7
11-02-2020 10:00;37;16;10;9,5;19,5;0;0,42;23,4
11-02-2020 11:00;23;5;12,3;11,1;23,4;0;0,43;23
11-02-2020 12:00;33;4;7,5;8,2;15,7;0;0,32;24,5
11-02-2020 13:00;15;1;3,6;5,1;8,8;0;0,27;26,4
11-02-2020 14:00;21;10;3,7;5,6;9,4;0;0,27;26,2
11-02-2020 15:00;22;6;0;0;0;0;0,32;25,8
11-02-2020 16:00;28;28;0;0;0;0;0,41;17,2
11-02-2020 17:00;31;9;0;0;0;0;0,46;15,2
11-02-2020 18:00;23;11;14,9;18,1;33,1;0;0,62;12,7
11-02-2020 19:00;36;14;20;32,7;52,8;0;0,9;12,9
11-02-2020 20:00;69;30;15,7;30,3;45,9;0;0,83;14,6
11-02-2020 21:00;60;22;11,8;31,3;43,2;0;0,82;11,7
11-02-2020 22:00;57;22;20,2;40,5;60,7;0;0,99;3,4
11-02-2020 23:00;60;31;39,1;41,5;80,6;0;1,21;1,3
11-02-2020 24:00;60;31;27,1;37,6;64,7;0;0,81;1,3
12-02-2020 01:00;50;27;22,9;36;58,9;0;0,72;1,1
12-02-2020 02:00;68;23;11,2;30,8;42;0;0,59;2,3
12-02-2020 03:00;51;23;5,7;24,3;30;0;0,49;4,7
12-02-2020 04:00;40;24;6,4;23,4;29,8;0;0,47;3,9
12-02-2020 05:00;42;17;15,9;26,4;42,2;0;0,55;1,3
12-02-2020 06:00;54;21;81,6;29,6;111,3;0;0,98;1,6
12-02-2020 07:00;79;44;138,8;32;170,8;0;1,65;1,3
12-02-2020 08:00;112;63;120,7;37,3;158;0;1,84;2,4
12-02-2020 09:00;110;53;103,9;61,5;165,3;0;2,21;5,5
12-02-2020 10:00;130;62;62,5;69,6;132;0;1,86;12,6
12-02-2020 11:00;108;56;28,6;39,4;68;0;1,07;21,6
12-02-2020 12:00;53;21;11,3;6,4;17,7;0;0,47;20,9
12-02-2020 13:00;15;7;7,6;4,4;12;0;0,37;21,6
12-02-2020 14:00;18;5;10,5;6;16,5;0;0,4;20,6
12-02-2020 15:00;21;3;12,5;6,8;19,2;0;0,4;20,5
12-02-2020 16:00;23;11;11,9;8,6;20,5;0;0,43;19,4
12-02-2020 17:00;35;12;18,7;14,5;33,2;0;0,52;16,1
12-02-2020 18:00;40;14;18,5;13,6;32,1;0;0,69;15,9
12-02-2020 19:00;33;17;17,5;27,2;44,8;0;0,85;13,2
12-02-2020 20:00;57;24;12,5;34,2;46,7;0;0,96;14,1
12-02-2020 21:00;63;22;10,9;29,1;40;0;0,79;12,5
12-02-2020 22:00;46;25;22;36;58;0;1,05;2,4
12-02-2020 23:00;59;30;12,2;29,9;42,1;0;0,8;5
12-02-2020 24:00;44;18;10,4;23,9;34,3;0;0,62;8,8
13-02-2020 01:00;39;19;6,6;20,3;26,9;0;0,54;9,5
13-02-2020 02:00;33;17;6,4;22,7;29,1;0;0,53;6,9
13-02-2020 03:00;41;25;6,3;20,4;26,7;0;0,49;7,3
13-02-2020 04:00;29;17;13,8;27;40,8;0;0,52;1,9
13-02-2020 05:00;49;18;10,6;24,3;34,8;0;0,51;3,2
13-02-2020 06:00;29;23;49,2;31,3;80,5;0;0,8;1,2
13-02-2020 07:00;85;49;101,3;31,4;132,7;0;1,36;1,2
13-02-2020 08:00;83;45;71,4;32,6;104;0;1,34;4,4
13-02-2020 09:00;67;33;46;30;76;0;1,1;10,5
13-02-2020 10:00;66;26;16,7;12,9;29,6;0;0,59;19,3
13-02-2020 11:00;30;13;11,1;5,3;16,4;0;0,41;22,1
13-02-2020 12:00;25;5;8,6;5,7;14,4;0;0,4;25,7
13-02-2020 13:00;22;5;8;4,2;12,2;0;0,35;25,6
13-02-2020 14:00;22;7;8,4;4,2;12,7;0;0,34;23,6
13-02-2020 15:00;20;7;9,1;7,2;16,3;0;0,38;24,5
13-02-2020 16:00;17;8;13,6;23,1;36,6;0;0,71;28,5
13-02-2020 17:00;117;37;9,8;22,4;32,2;0;0,69;27,3
13-02-2020 18:00;78;38;17,8;36,9;54,7;0;1,01;11,2
13-02-2020 19:00;46;31;34,2;38,4;72,2;0;1,42;2,9
13-02-2020 20:00;38;30;35,7;48,2;84,1;0;1,43;3
13-02-2020 21:00;56;37;23,9;45,7;69,6;0;1,25;2,6
13-02-2020 22:00;56;37;18,9;31,7;50,6;0;0,95;6
13-02-2020 23:00;41;20;23,7;36,8;60,6;0;1,17;2,5
13-02-2020 24:00;53;32;21,8;34,8;56,6;0;1,02;1,3
14-02-2020 01:00;60;25;12;30,1;42,1;0;0,76;2,2
14-02-2020 02:00;43;22;8,9;26,2;35;0;0,68;3,8
14-02-2020 03:00;37;15;8;20,2;28,2;0;0,57;6,7
14-02-2020 04:00;39;25;6,4;18;24,4;0;0,5;7,2
14-02-2020 05:00;35;24;13,5;21,3;34,8;0;0,58;4,4
14-02-2020 06:00;49;23;58,3;28,8;87,1;0;0,9;0,9
14-02-2020 07:00;69;36;86,7;30,9;117,6;0;1,31;1,2
14-02-2020 08:00;79;42;76,1;33;108,9;0;1,65;2,6
14-02-2020 09:00;58;36;67,1;38,8;105,9;0;1,74;4,5
14-02-2020 10:00;74;44;13,4;11,4;24,8;0;0,65;17,3
14-02-2020 11:00;31;14;14,7;8,7;23,4;0;0,56;18,9
14-02-2020 12:00;29;7;10,5;6,8;17,4;0;0,47;20,8
14-02-2020 13:00;24;3;11,3;10;21,3;0;0,52;19
14-02-2020 14:00;17;3;7,9;7,1;15,1;0;0,42;20,4
14-02-2020 15:00;22;5;13;11,6;24,5;0;0,51;18,2
14-02-2020 16:00;30;6;9,8;10,3;20,1;0;0,46;18
14-02-2020 17:00;30;11;11,5;9,2;20,7;0;0,45;18,9
14-02-2020 18:00;27;12;12;13,2;25,2;0;0,51;17,1
14-02-2020 19:00;29;9;23,9;24,2;48,1;0;0,97;7
14-02-2020 20:00;27;9;25,6;25,7;51,5;0;0,92;6,2
14-02-2020 21:00;31;14;18,2;21,1;39,3;0;0,77;8,7
14-02-2020 22:00;32;12;11,9;16,3;28,2;0;0,63;10,2
14-02-2020 23:00;17;12;16,7;25;41,7;0;0,8;3,5
14-02-2020 24:00;37;14;41,3;26,4;67,8;0;1,05;0,9
15-02-2020 01:00;33;9;27,8;23,7;51,6;0;0,82;1,2
15-02-2020 02:00;21;11;20,9;19,8;40,8;0;0,69;5,4
15-02-2020 03:00;29;6;27,8;24,4;52,4;0;0,78;1,1
15-02-2020 04:00;24;17;17,7;20,8;38,6;0;0,63;2,3
15-02-2020 05:00;31;16;30,2;22,9;53,1;0;0,69;0,9
15-02-2020 06:00;37;12;11,5;12;23,5;0;0,49;10,8
15-02-2020 07:00;10;9;10,7;11;21,6;0;0,53;12,4
15-02-2020 08:00;23;12;13,6;12,1;25,7;0;0,57;13,5
15-02-2020 09:00;37;10;11,9;7,5;19,3;0;0,48;16,2
15-02-2020 10:00;16;8;13,6;6,7;20,3;0;0,5;16,9
15-02-2020 11:00;20;8;14,1;8,2;22,3;0;0,49;16,1
15-02-2020 12:00;17;7;13,8;6,2;20;0;0,49;17,5
15-02-2020 13:00;30;4;13,1;5,8;19;0;0,47;18,4
15-02-2020 14:00;26;7;13,9;5,7;19,7;0;0,5;17,3
15-02-2020 15:00;25;4;13,2;5;18,1;0;0,46;16,4
15-02-2020 16:00;7;6;14,8;6,3;21,1;0;0,48;15,6
15-02-2020 17:00;26;10;11,1;6,8;17,9;0;0,43;15,1
15-02-2020 18:00;13;7;10,7;8,8;19,5;0;0,46;13,8
15-02-2020 19:00;22;5;13;14,7;27,8;0;0,56;10,1
15-02-2020 20:00;22;7;9,2;12,1;21,2;0;0,51;14,1
15-02-2020 21:00;23;13;8,1;10,6;18,7;0;0,47;16
15-02-2020 22:00;22;12;7,5;9,3;16,8;0;0,44;16
15-02-2020 23:00;20;6;7,9;9,7;17,5;0;0,45;14,5
15-02-2020 24:00;24;6;8,5;13,5;22;0;0,46;11
16-02-2020 01:00;7;7;6,5;9,2;15,7;0;0,41;12,8
16-02-2020 02:00;19;6;5,5;4,5;10;0;0,35;17,3
16-02-2020 03:00;25;5;5,6;6,7;12,3;0;0,36;13,7
16-02-2020 04:00;15;4;6,3;9,7;16;0;0,39;12,1
16-02-2020 05:00;21;4;5,6;11,3;16,9;0;0,38;12,3
16-02-2020 06:00;24;8;6,3;6,7;13;0;0,38;15,2
16-02-2020 07:00;17;6;8,1;6,1;14,2;0;0,4;16,3
16-02-2020 08:00;14;3;8,1;4,7;12,7;0;0,38;17,1
16-02-2020 09:00;17;5;8,8;3,6;12,4;0;0,37;18,3
16-02-2020 10:00;19;8;8,7;4,9;13,6;0;0,37;17,5
16-02-2020 11:00;23;6;8;3;11;0;0,34;19,1
16-02-2020 12:00;18;4;10,3;3,5;13,8;0;0,37;17,2
16-02-2020 13:00;18;3;9;3;12;0;0,35;17,9
16-02-2020 14:00;12;1;7,8;3;10,8;0;0,35;17
16-02-2020 15:00;13;0;9,5;4,2;13,7;0;0,4;17,4
16-02-2020 16:00;18;7;11,1;4,9;16,1;0;0,39;17
16-02-2020 17:00;8;8;8,1;3,6;11,7;0;0,36;17,7
16-02-2020 18:00;10;10;9,9;5,8;15,6;0;0,41;17
16-02-2020 19:00;15;10;11,6;12,4;23,9;0;0,48;14,7
16-02-2020 20:00;21;6;9,5;12,4;21,9;0;0,5;14,6
16-02-2020 21:00;20;5;10,2;13,2;23,4;0;0,52;14,1
16-02-2020 22:00;22;9;10,9;21,1;32;0;0,65;7,8
16-02-2020 23:00;25;11;10,9;26,1;37;0;0,7;5,5
16-02-2020 24:00;34;10;5,8;4,1;9,9;0;0,37;22,4
17-02-2020 01:00;0;10;5,4;2,7;8,1;0;0,33;22,2
17-02-2020 02:00;22;7;5,4;2,1;7,5;0;0,31;21,6
17-02-2020 03:00;11;4;5,2;1,3;6,5;0;0,3;20,8
17-02-2020 04:00;10;5;4,8;2,4;7,2;0;0,3;20,5
17-02-2020 05:00;10;5;5,5;3,9;9,4;0;0,32;20,6
17-02-2020 06:00;11;8;14,7;16,5;31,1;0;0,5;12,6
17-02-2020 07:00;35;12;24,9;23,5;48,4;0;0,71;9,6
17-02-2020 08:00;17;13;15,7;14,7;30,3;0;0,71;14,8
17-02-2020 09:00;28;10;13,4;13,5;27,1;0;0,63;16,4
17-02-2020 10:00;35;11;12,2;7,9;20,1;0;0,52;19,8
17-02-2020 11:00;16;9;11,3;5,4;16,7;0;0,47;21,3
17-02-2020 12:00;18;5;9,7;4,4;14;0;0,41;21,7
17-02-2020 13:00;12;1;11,9;6;17,9;0;0,42;19,5
17-02-2020 14:00;22;5;11,4;7;18,5;0;0,46;19,4
17-02-2020 15:00;23;8;9,8;6;15,8;0;0,41;19,4
17-02-2020 16:00;19;7;12,4;8,1;20,5;0;0,43;17,9
17-02-2020 17:00;21;8;18,4;13,6;32;0;0,54;14,1
17-02-2020 18:00;22;8;12,7;13,4;26,1;0;0,52;17,3
17-02-2020 19:00;21;11;12,3;18,8;31,1;0;0,69;14,9
17-02-2020 20:00;26;19;21;26,3;47,4;0;0,84;8,8
17-02-2020 21:00;29;12;26,7;26,7;53,5;0;0,91;7,7
17-02-2020 22:00;26;8;13,2;24,1;37,3;0;0,68;7,7
17-02-2020 23:00;19;8;15,3;27,4;42,7;0;0,73;3,7
17-02-2020 24:00;38;11;15,2;29,9;45,1;0;0,69;2,3
18-02-2020 01:00;25;10;7,1;22,4;29,4;0;0,52;7,7
18-02-2020 02:00;26;12;5,4;15,6;21;0;0,43;11,5
18-02-2020 03:00;20;10;5,3;19,5;24,8;0;0,44;6,9
18-02-2020 04:00;30;9;6,7;23;29,7;0;0,45;3,4
18-02-2020 05:00;27;14;10,1;23,4;33,5;0;0,48;5,8
18-02-2020 06:00;39;7;28,5;28,8;57,5;0;0,63;8,5
18-02-2020 07:00;32;17;81,7;32,4;113,7;0;1,38;4,5
18-02-2020 08:00;70;36;28,5;22;50,5;0;0,96;13,3
18-02-2020 09:00;38;14;22;15,3;37,3;0;0,74;20,1
18-02-2020 10:00;21;8;12;7,6;19,6;0;0,48;24,1
18-02-2020 11:00;22;4;8,9;5,5;14,4;0;0,41;24,8
18-02-2020 12:00;29;7;9,7;5,2;14,9;0;0,39;24,9
18-02-2020 13:00;22;9;12;5,5;17,5;0;0,4;24,7
18-02-2020 14:00;20;8;10,4;4,1;14,5;0;0,38;24,5
18-02-2020 15:00;20;5;9,4;4,5;13,9;0;0,35;23,5
18-02-2020 16:00;20;3;8,7;6,8;15,4;0;0,39;22,5
18-02-2020 17:00;21;5;8,1;8,5;16,6;0;0,41;21
18-02-2020 18:00;22;7;12,4;12,1;24,5;0;0,54;18,9
18-02-2020 19:00;29;14;17,2;22;39,2;0;0,76;12,9
18-02-2020 20:00;33;15;11,2;23,1;34,2;0;0,73;11,8
18-02-2020 21:00;30;14;15,9;24,2;40,1;0;0,79;9,1
18-02-2020 22:00;34;17;9,8;15,9;25,6;0;0,61;14,7
18-02-2020 23:00;22;10;5,5;8,8;14,2;0;0,46;19,9
18-02-2020 24:00;30;12;6;4,6;10,6;0;0,4;24,6
19-02-2020 01:00;27;12;5,6;6;11,6;0;0,4;22,4
19-02-2020 02:00;27;14;5,2;3,8;9;0;0,37;22,4
19-02-2020 03:00;25;14;5,3;4,4;9,8;0;0,37;21
19-02-2020 04:00;17;12;5,1;4,8;9,9;0;0,38;19,9
19-02-2020 05:00;32;17;5,7;7,2;12,9;0;0,39;17
19-02-2020 06:00;22;7;13,1;15,8;28,9;0;0,53;9,8
19-02-2020 07:00;25;20;19,1;18,7;37,7;0;0,68;8,9
19-02-2020 08:00;49;17;19,2;19,9;39,1;0;0,87;7,4
19-02-2020 09:00;29;16;18;17,7;35,7;0;0,87;11,1
19-02-2020 10:00;30;11;16,2;15,9;32,1;0;0,79;13,7
19-02-2020 11:00;18;11;15,3;11,4;26,7;0;0,67;15,9
19-02-2020 12:00;24;7;17,7;10,8;28,9;0;0;0
19-02-2020 13:00;21;3;0;0;0;0;0,59;17,5
19-02-2020 14:00;7;4;14,8;16,6;31,3;0;0,74;14,9
19-02-2020 15:00;24;4;9,5;9,1;18,6;0;0,56;16,4
19-02-2020 16:00;18;4;11,2;9,2;20,4;0;0,53;15,7
19-02-2020 17:00;16;7;8,5;9,4;17,8;0;0,5;16,8
19-02-2020 18:00;11;6;9,7;13;22,7;0;0,64;13,1
19-02-2020 19:00;22;4;24,4;20,6;45;0;1,02;7,5
19-02-2020 20:00;18;4;27,9;20,7;48,6;0;1,02;4,5
19-02-2020 21:00;27;4;38,1;24,7;63;0;1,11;1,8
19-02-2020 22:00;31;15;24,7;24,5;49,1;0;0,99;1,6
19-02-2020 23:00;20;12;30,9;25,5;56,4;0;1,03;0,8
19-02-2020 24:00;33;12;42,3;24,6;67;0;1,14;0,7
20-02-2020 01:00;35;17;45,9;23,6;69,5;0;1,08;0,7
20-02-2020 02:00;30;11;26;20,6;46,6;0;0,8;2,3
20-02-2020 03:00;25;12;11,5;14,1;25,6;0;0,62;7,8
20-02-2020 04:00;28;8;3,1;6;9,1;0;0,43;15,1
20-02-2020 05:00;9;6;5,2;12,1;17,3;0;0,44;12,5
20-02-2020 06:00;29;6;10,8;18,4;29,2;0;0,55;6,5
20-02-2020 07:00;30;6;33,6;24,6;58,1;0;0,95;3,4
20-02-2020 08:00;33;10;34,8;24,5;59,4;0;1,15;6,1
20-02-2020 09:00;48;11;15,3;9,8;25,1;0;0,72;15,1
20-02-2020 10:00;27;9;9,4;7,8;17,2;0;0,58;18,1
20-02-2020 11:00;24;5;7,2;10;17,2;0;0,57;21,3
20-02-2020 12:00;23;8;8,8;14,6;23,4;0;0,65;23,7
20-02-2020 13:00;29;11;5,1;8,6;13,7;0;0,54;28,9
20-02-2020 14:00;14;7;5,1;18,3;23,3;0;0,7;31,8
20-02-2020 15:00;40;17;6,6;27,1;33,6;0;0,9;23,7
20-02-2020 16:00;126;34;7,2;35,1;42,4;0;0,99;18
20-02-2020 17:00;63;40;17,3;38,7;55,9;0;1,16;9,5
20-02-2020 18:00;40;28;30,1;47,5;77,5;0;1,48;4,5
20-02-2020 19:00;57;35;94,6;47;141,7;0;2,43;0,8
20-02-2020 20:00;68;37;80,6;43,4;124,1;0;2,1;0,7
20-02-2020 21:00;59;28;42,9;38,1;80,9;0;1,45;0,6
20-02-2020 22:00;53;25;96,6;37,6;134,2;0;2,13;0,9
20-02-2020 23:00;75;36;112,4;36,7;149;0;2,26;0,7
20-02-2020 24:00;73;46;84,4;37,2;121,6;0;1,57;0,5
21-02-2020 01:00;74;28;45,5;31,3;76,8;0;1,23;0,6
21-02-2020 02:00;52;23;53,9;30,4;84,4;0;1,34;0,6
21-02-2020 03:00;63;32;80,7;27,2;107,8;0;1,42;0,7
21-02-2020 04:00;61;31;62,9;20,7;83,6;0;1,26;0,6
21-02-2020 05:00;54;29;58,1;22,1;80,1;0;1,07;0,7
21-02-2020 06:00;47;25;102,9;23,8;126,7;0;1,4;1
21-02-2020 07:00;70;35;140,8;24,7;165,9;0;1,91;1,2
21-02-2020 08:00;81;41;165,8;44;209,7;0;2,68;1,6
21-02-2020 09:00;117;61;108,5;51,2;159,5;0;2,33;4,2
21-02-2020 10:00;108;48;40,4;51,8;92,2;0;1,64;13,7
21-02-2020 11:00;76;44;21,5;41,7;63,2;0;1,26;26,8
21-02-2020 12:00;67;45;11,6;30,1;41,7;0;0,99;34,5
21-02-2020 13:00;67;33;7,6;16,9;24,5;0;0,78;32,6
21-02-2020 14:00;64;22;8,2;14,7;22,9;0;0,72;29,8
21-02-2020 15:00;41;23;7,7;13,9;21,6;0;0,67;29,5
21-02-2020 16:00;36;16;8,1;16,1;24,1;0;0,72;24,6
21-02-2020 17:00;37;13;9,4;25,9;35,2;0;0,85;17,1
21-02-2020 18:00;42;14;9;26;35;0;0,88;15,3
21-02-2020 19:00;20;10;19,6;43,9;63,4;0;1,39;3,4
21-02-2020 20:00;31;18;54,2;47,1;101,4;0;1,84;0,7
21-02-2020 21:00;32;27;78,6;42,2;120,8;0;1,92;0,7
21-02-2020 22:00;30;28;57,5;37,9;95,4;0;1,63;1
21-02-2020 23:00;41;20;123,6;36,9;160,4;0;2,24;1
21-02-2020 24:00;58;30;107,7;34,5;142,2;0;2,07;0,9
22-02-2020 01:00;60;32;101;30,7;131,7;0;1,9;0,9
22-02-2020 02:00;57;43;58,9;29,5;88,4;0;1,34;0,4
22-02-2020 03:00;47;19;24,6;27,5;52,1;0;0,95;0,7
22-02-2020 04:00;31;11;21,4;26,9;48,3;0;0,89;0,7
22-02-2020 05:00;24;0;25,2;25,3;50,6;0;0,89;0,8
22-02-2020 06:00;43;0;26;24,9;50,8;0;0,95;0,8
22-02-2020 07:00;36;0;78,1;27;105,1;0;1,44;1,2
22-02-2020 08:00;57;0;66,3;28;94,2;0;1,49;2,2
22-02-2020 09:00;67;0;58,1;33;91,2;0;1,49;6,8
22-02-2020 10:00;65;0;17,4;18,6;35,9;0;0,9;20,1
22-02-2020 11:00;37;0;7,5;14;21,5;0;0,71;29,4
22-02-2020 12:00;20;0;6,9;14,1;21;0;0,72;35,4
22-02-2020 13:00;40;14;6,2;27,5;33,7;0;1;36,1
22-02-2020 14:00;99;50;6,6;30,1;36,7;0;1,02;30,1
22-02-2020 15:00;69;34;6,7;26,1;32,8;0;0,96;27,4
22-02-2020 16:00;50;27;6,7;25,1;31,8;0;0,9;27,5
22-02-2020 17:00;37;21;7,6;28,1;35,7;0;0,93;20,3
22-02-2020 18:00;34;24;7;24;31;0;0,85;17,3
22-02-2020 19:00;27;18;9,5;25,8;35,3;0;0,91;11,2
22-02-2020 20:00;34;17;21,6;38,5;60,1;0;1,22;2,2
22-02-2020 21:00;40;29;11,9;29,8;41,6;0;0,98;5
22-02-2020 22:00;26;14;7,4;27,4;34,8;0;0,86;5,8
22-02-2020 23:00;20;15;18,2;33,1;51,3;0;1,1;1,4
22-02-2020 24:00;28;22;13,8;34,5;48,3;0;1,03;1,9
23-02-2020 01:00;31;18;4,5;22,6;27,1;0;0,72;11,6
23-02-2020 02:00;17;9;7,8;32,2;40;0;0,73;3,2
23-02-2020 03:00;24;16;4,7;26,4;31,1;0;0,76;4,4
23-02-2020 04:00;24;16;3,6;22,1;25,7;0;0,71;6,8
23-02-2020 05:00;22;11;7,8;25,5;33,3;0;0,77;3,1
23-02-2020 06:00;19;19;9,1;26,4;35,5;0;0,79;2,8
23-02-2020 07:00;21;17;20,8;25,7;46,4;0;0,95;1,2
23-02-2020 08:00;43;30;31,4;24,1;55,5;0;1,11;2,5
23-02-2020 09:00;47;30;25,3;25,1;50,4;0;1,12;5,6
23-02-2020 10:00;55;36;22,3;25,3;47,6;0;1,04;7,8
23-02-2020 11:00;45;34;15,7;18,3;34;0;0,85;15
23-02-2020 12:00;21;14;8,1;11,7;19,8;0;0,72;23
23-02-2020 13:00;10;8;7,7;10;17,7;0;0,71;26,6
23-02-2020 14:00;19;5;4,8;15,2;20;0;0,74;25,5
23-02-2020 15:00;26;15;7,9;26,2;34;0;0,9;17,5
23-02-2020 16:00;36;20;9;36,4;45,4;0;1,1;13,4
23-02-2020 17:00;35;26;7,8;28;35,8;0;0,97;10,3
23-02-2020 18:00;0;26;12,7;37;49,7;0;1,17;4,5
23-02-2020 19:00;28;22;15,2;39;54,2;0;1,22;1,9
23-02-2020 20:00;31;25;16;32,8;48,8;0;1,12;1,1
23-02-2020 21:00;16;12;12,1;30,7;42,9;0;1,03;4,1
23-02-2020 22:00;20;11;13,8;28,9;42,7;0;1,02;2,2
23-02-2020 23:00;17;9;5,6;17,1;22,6;0;0,73;11,9
23-02-2020 24:00;11;5;8;23,9;31,9;0;0,79;5
24-02-2020 01:00;11;10;3,7;21,8;25,5;0;0,7;5,1
24-02-2020 02:00;15;10;3,1;19,6;22,7;0;0,66;4,3
24-02-2020 03:00;21;10;3,2;19,3;22,5;0;0,63;5,5
24-02-2020 04:00;23;9;2,2;18,5;20,8;0;0,65;6,6
24-02-2020 05:00;0;19;0;0;0;0;0,72;5,2
24-02-2020 06:00;26;18;128,2;46,4;173,7;0;1,21;2,2
24-02-2020 07:00;51;44;43,3;33,3;76,7;0;1,16;1,2
24-02-2020 08:00;27;23;72,1;36,9;109;0;1,68;2
24-02-2020 09:00;43;39;63,2;39,7;102,8;0;1,82;4,5
24-02-2020 10:00;49;29;38;40,2;78,1;0;1,56;10,4
24-02-2020 11:00;42;24;30,9;49,6;80,5;0;1,58;10,9
24-02-2020 12:00;62;36;20,7;36,1;56,7;0;1,24;14,4
24-02-2020 13:00;46;26;11,8;29,4;41,2;0;1,05;19,4
24-02-2020 14:00;41;21;14,1;30;44,1;0;1,02;16,7
24-02-2020 15:00;41;22;18,2;26,7;45;0;1,02;19,7
24-02-2020 16:00;54;20;12,3;20,5;32,8;0;0,83;19,2
24-02-2020 17:00;28;14;19,3;32,2;51,4;0;1,03;8,3
24-02-2020 18:00;36;17;22,7;40,1;62,9;0;1,28;5,4
24-02-2020 19:00;41;24;65,2;47,5;112,8;0;2,16;1,3
24-02-2020 20:00;41;30;81,7;47,9;129,5;0;2,5;0,9
24-02-2020 21:00;57;36;41;38,5;79,6;0;1,57;0,8
24-02-2020 22:00;40;12;69,4;35,9;105,4;0;1,92;1,1
24-02-2020 23:00;52;31;42,5;32,9;75,4;0;1,51;1,3
24-02-2020 24:00;68;24;5,7;23,7;29,3;0;0,88;3,4
25-02-2020 01:00;21;11;17,9;25,4;43,2;0;0,95;2,9
25-02-2020 02:00;37;22;16,3;27;43,3;0;0,89;2,3
25-02-2020 03:00;40;27;8,9;23,9;32,7;0;0,81;1,6
25-02-2020 04:00;31;17;10,8;21,5;32,3;0;0,74;1
25-02-2020 05:00;31;22;46,6;28,4;74,4;0;0,93;0,9
25-02-2020 06:00;38;30;44,3;23,6;67,8;0;0,94;0,7
25-02-2020 07:00;58;24;66,9;27,3;94,3;0;1,33;0,8
25-02-2020 08:00;61;28;70,9;27,6;98,3;0;1,69;3,9
25-02-2020 09:00;57;27;27,2;24,5;51,7;0;1,14;10,2
25-02-2020 10:00;49;24;28,5;28,8;57,2;0;1,22;13,8
25-02-2020 11:00;47;20;11;17,5;28,5;0;0,82;24,5
25-02-2020 12:00;31;15;7,1;12,5;19,6;0;0,71;33,1
25-02-2020 13:00;25;8;5,6;15,5;21,1;0;0,7;41,9
25-02-2020 14:00;44;27;8,2;22,6;30,7;0;0,82;33,1
25-02-2020 15:00;64;26;10,3;25,6;35,8;0;0,88;23,1
25-02-2020 16:00;41;22;8,9;25,8;34,7;0;0,85;19,3
25-02-2020 17:00;50;26;17,3;36,1;53,4;0;1,08;7,2
25-02-2020 18:00;44;0;23,3;42,8;66,1;0;1,44;2,7
25-02-2020 19:00;31;0;52,4;46;98,4;0;2,16;0,8
25-02-2020 20:00;45;0;64,5;46,4;110,9;0;2,19;0,9
25-02-2020 21:00;54;0;56,6;39,3;95,8;0;1,85;1,3
25-02-2020 22:00;55;0;29,5;33,4;62,9;0;1,32;1,1
25-02-2020 23:00;37;0;32,6;31,9;64,5;0;1,36;1
25-02-2020 24:00;59;0;13,8;25,5;39,3;0;0,89;4,8
26-02-2020 01:00;28;0;4;19,5;23,6;0;0,73;6,3
26-02-2020 02:00;36;0;2,9;10,1;13;0;0,59;16,9
26-02-2020 03:00;16;0;2,1;10,3;12,4;0;0,55;16,4
26-02-2020 04:00;12;0;1,8;16,3;18,1;0;0,57;10,3
26-02-2020 05:00;25;0;10,2;22,2;32,4;0;0,62;5,7
26-02-2020 06:00;10;0;101,1;42,6;143,5;0;1,15;1,2
26-02-2020 07:00;36;0;84,6;38;122,6;0;1,64;0,9
26-02-2020 08:00;50;0;83,6;36,2;119,9;0;2,11;1,2
26-02-2020 09:00;49;0;81,2;39;120,3;0;2,39;2,3
26-02-2020 10:00;53;0;71,8;42,6;114,5;0;2,21;7,9
26-02-2020 11:00;66;0;27;45,4;72,4;0;1,46;15,1
26-02-2020 12:00;59;0;20,2;36;56,2;0;1,17;19,5
26-02-2020 13:00;70;0;10,5;22,1;32,6;0;0,84;30,5
26-02-2020 14:00;59;0;7,4;16,3;23,7;0;0,74;33,4
26-02-2020 15:00;47;20;10,5;18,9;29,3;0;0,79;24,7
26-02-2020 16:00;42;32;9,4;22,8;32,2;0;0,8;21,5
26-02-2020 17:00;51;32;19,3;30,3;49,4;0;0,94;15,2
26-02-2020 18:00;50;28;17,2;23,7;40,9;0;1,1;10,6
26-02-2020 19:00;34;10;28,7;29,9;58,7;0;1,45;5,7
26-02-2020 20:00;47;29;27,7;32,2;60;0;1,32;3,9
26-02-2020 21:00;53;12;23,6;29,8;53,4;0;1,26;3,6
26-02-2020 22:00;43;0;35,6;29,5;65;0;1,36;1,6
26-02-2020 23:00;58;0;13,7;26,7;40,4;0;1,04;3,9
26-02-2020 24:00;30;0;12,3;25,2;37,6;0;0,88;3,1
27-02-2020 01:00;23;0;13,7;26,1;39,9;0;0,76;3,2
27-02-2020 02:00;55;0;3,3;15,5;18,8;0;0,61;10,8
27-02-2020 03:00;26;0;2,9;20,3;23,2;0;0,6;7,7
27-02-2020 04:00;27;0;4,8;21;25,8;0;0,61;7
27-02-2020 05:00;29;0;0;0;0;0;0,77;5
27-02-2020 06:00;38;0;105,4;45,9;151,1;0;1,52;2,1
27-02-2020 07:00;93;0;102,3;29,4;131,7;0;1,7;0,9
27-02-2020 08:00;103;0;48,6;24;72,7;0;1,33;2,6
27-02-2020 09:00;61;0;15,6;15,9;31,4;0;0,91;12,1
27-02-2020 10:00;37;0;9,5;11,7;21,2;0;0,74;22
27-02-2020 11:00;32;0;7,8;14,6;22,3;0;0,72;30,1
27-02-2020 12:00;0;0;5;15,1;20,1;0;0,68;0
27-02-2020 13:00;0;0;6,6;19;25,7;0;0,72;0
27-02-2020 14:00;0;0;7,7;20,9;28,6;0;0;22,3
27-02-2020 15:00;0;21;0;0;0;0;0,68;14,5
27-02-2020 16:00;47;31;0;0;0;0;0,9;9,9
27-02-2020 17:00;0;38;21,6;37,2;58,8;0;1,11;5
27-02-2020 18:00;0;33;16,7;25,9;42,6;0;0,94;7,1
27-02-2020 19:00;0;29;14,5;25,8;40,4;0;0,81;6,4
27-02-2020 20:00;35;27;18,3;29,7;47,9;0;0,88;3,7
27-02-2020 21:00;35;29;17,7;32,9;50,7;0;0,89;3,1
27-02-2020 22:00;33;27;23,8;32,1;55,9;0;1,09;2,4
27-02-2020 23:00;33;8;63,6;36,5;100,1;0;1,74;1
27-02-2020 24:00;31;0;47,3;32,3;79,5;0;1,3;0,9
28-02-2020 01:00;31;22;48;28,3;76,3;0;1,13;1
28-02-2020 02:00;37;23;62,1;25,5;87,6;0;1,22;0,9
28-02-2020 03:00;37;27;32,1;24,5;56,5;0;0,82;0,7
28-02-2020 04:00;43;30;39,8;21,7;61,5;0;0,89;1
28-02-2020 05:00;43;24;86,7;22,9;109,5;0;1,24;1,1
28-02-2020 06:00;38;32;250,2;36,4;285,3;0;2,52;2,5
28-02-2020 07:00;38;0;225,2;26,3;251,6;0;2,6;1,1
28-02-2020 08:00;138;67;120,2;32,9;153,1;0;2,04;2,8
28-02-2020 09:00;138;66;15,2;24;39,2;0;0,73;16
28-02-2020 10:00;68;39;16,7;27;43,7;0;0,87;16,9
28-02-2020 11:00;68;23;12,1;23,3;35,5;0;0,71;24,6
28-02-2020 12:00;52;27;7,8;15,7;23,5;0;0,52;31,8
28-02-2020 13:00;52;26;5,8;14,6;20,5;0;0,5;33,6
28-02-2020 14:00;0;20;4;16;20;0;0,51;35,7
28-02-2020 15:00;0;30;6,9;28,4;35,4;0;0,74;33
28-02-2020 16:00;0;40;7,8;25,4;33,2;0;0,67;32
28-02-2020 17:00;75;35;7,6;23,7;31,1;0;0,69;28,8
28-02-2020 18:00;0;37;8;30,1;38,1;0;0,89;23,8
28-02-2020 19:00;58;35;10,3;38,7;49,3;0;1,03;18,5
28-02-2020 20:00;57;31;7,3;36,5;43,7;0;0,94;13,9
28-02-2020 21:00;58;31;7,9;35,8;43,7;0;0,89;8,6
28-02-2020 22:00;53;36;13,1;36,2;49,2;0;0,9;5,1
28-02-2020 23:00;44;34;12,7;35,8;48,5;0;0,87;3,3
28-02-2020 24:00;45;18;14;35;49;0;0,83;2,7
29-02-2020 01:00;41;35;25,8;35;60,8;0;0,89;2,1
29-02-2020 02:00;48;22;15,1;33,8;49;0;0,79;1,7
29-02-2020 03:00;42;36;14;30,7;44,6;0;0,74;1,3
29-02-2020 04:00;39;25;11,9;28,7;40,6;0;0,67;1,3
29-02-2020 05:00;41;21;19,3;30,5;49,8;0;0,71;1,2
29-02-2020 06:00;41;38;63,3;30,3;93,6;0;1,22;1
29-02-2020 07:00;55;30;73,1;31,5;104,6;0;1,38;2,1
29-02-2020 08:00;55;34;29,2;29,9;59;0;1,03;8,6
29-02-2020 09:00;61;42;23,2;29,6;52,7;0;0,91;15,5
29-02-2020 10:00;52;39;7;12,4;19,4;0;0,49;27,8
29-02-2020 11:00;31;31;6,8;12,6;19,3;0;0,48;31,5
29-02-2020 12:00;34;25;6,8;14,7;21,5;0;0,55;38,6
29-02-2020 13:00;32;27;4,3;21,2;25,5;0;0,68;51,1
29-02-2020 14:00;57;36;13,9;24,9;38,9;0;0,74;32
29-02-2020 15:00;68;36;5,2;31,3;36,6;0;0,95;18,4
29-02-2020 16:00;52;39;8,8;32,4;41,1;0;1,02;14,1
29-02-2020 17:00;49;38;12,9;37,2;50,1;0;1,06;12,4
29-02-2020 18:00;39;23;29,1;46,3;75,5;0;1,44;3,9
29-02-2020 19:00;40;35;61,5;55,6;117,2;0;2,11;1,2
29-02-2020 20:00;55;39;72,1;43,2;115,4;0;1,88;1,7
29-02-2020 21:00;50;30;85,7;39,5;125,1;0;1,93;1,1
29-02-2020 22:00;58;32;67,2;36;103,2;0;1,49;1,2
29-02-2020 23:00;90;56;86,2;34,9;121,2;0;1,82;1
29-02-2020 24:00;61;33;166,6;33,4;200,1;0;2,74;1,2
01-03-2020 01:00;68;43;115,6;31,8;147,3;0;1,96;0,9
01-03-2020 02:00;55;41;28,8;32,1;60,8;0;1,03;1,5
01-03-2020 03:00;36;16;31,3;30,6;62,1;0;0,99;2,5
01-03-2020 04:00;42;29;42,1;26;68,1;0;1,02;5,1
01-03-2020 05:00;36;34;5,6;20,9;26,5;0;0,56;7,3
01-03-2020 06:00;38;23;6,3;24,3;30,5;0;0,56;4,9
01-03-2020 07:00;38;25;31,6;30,4;62;0;1,08;3,4
01-03-2020 08:00;48;31;32,8;28,7;61,4;0;1,04;9
01-03-2020 09:00;52;36;7,5;12,6;20,1;0;0,51;26,2
01-03-2020 10:00;26;26;4,5;9,6;14,1;0;0,44;31,8
01-03-2020 11:00;24;24;3,2;8,3;11,5;0;0,4;33,8
01-03-2020 12:00;16;13;3,1;6,5;9,6;0;0,35;32,5
01-03-2020 13:00;17;12;2,7;6,8;9,5;0;0,37;30,7
01-03-2020 14:00;19;15;5,3;18;23,4;0;0,66;32,7
01-03-2020 15:00;47;32;6;13,9;19,9;0;0,57;29,8
01-03-2020 16:00;42;22;6,6;11,4;18;0;0,53;24,5
01-03-2020 17:00;40;23;6,5;11,7;18,2;0;0,51;22
01-03-2020 18:00;20;18;5;13,9;19;0;0,51;18,5
01-03-2020 19:00;25;20;7,2;23,3;30,5;0;0,67;9,4
01-03-2020 20:00;23;11;15,4;30,3;45,7;0;0,89;4,2
01-03-2020 21:00;38;20;23,1;33,6;56,7;0;1,07;1,6
01-03-2020 22:00;49;40;50,4;35;85,5;0;1,39;1,2
01-03-2020 23:00;56;27;42;28,4;70,4;0;1,14;2,1
01-03-2020 24:00;42;36;2,5;13,6;16;0;0,42;10,3
02-03-2020 01:00;15;0;1,5;7,5;9;0;0,33;16,1
02-03-2020 02:00;0;26;1,8;5;6,8;0;0,31;18
02-03-2020 03:00;12;7;1,7;7,1;8,8;0;0,32;14,5
02-03-2020 04:00;0;21;1,3;9,4;10,7;0;0,44;13,3
02-03-2020 05:00;36;30;3;14,8;17,9;0;0,41;8,7
02-03-2020 06:00;34;26;27,9;19,8;48;0;0,53;11,1
02-03-2020 07:00;36;22;22,4;22,7;45,1;0;0,77;7,7
02-03-2020 08:00;48;29;12,5;15;27,5;0;0,66;14,6
02-03-2020 09:00;32;28;7,9;12,4;20,3;0;0,59;19
02-03-2020 10:00;19;10;10,1;11,4;21,5;0;0,54;23,9
02-03-2020 11:00;21;12;8,1;9,4;17,5;0;0,49;25,3
02-03-2020 12:00;18;13;6,1;9,2;15,4;0;0,47;27,4
02-03-2020 13:00;21;21;7,8;14;21,9;0;0,56;29,8
02-03-2020 14:00;29;17;6,5;24,1;30,7;0;0,67;37,2
02-03-2020 15:00;52;23;7,1;20,7;27,8;0;0,63;41,2
02-03-2020 16:00;59;24;6,7;17,2;23,8;0;0,59;32,9
02-03-2020 17:00;54;26;10;26,4;36,4;0;0,8;19,4
02-03-2020 18:00;46;29;13,5;27,6;41,1;0;1,05;17,3
02-03-2020 19:00;51;31;15;30;45;0;1,04;12,3
02-03-2020 20:00;47;26;32,2;39,4;71,6;0;1,47;4,1
02-03-2020 21:00;39;35;41,5;39,9;81,4;0;1,6;1,3
02-03-2020 22:00;48;32;44;38,3;82,3;0;1,62;0,9
02-03-2020 23:00;49;39;40;37,7;77,7;0;1,36;1,5
02-03-2020 24:00;40;23;20,1;34,1;54,2;0;1,01;1,3
03-03-2020 01:00;38;33;46;30,3;76,3;0;1,14;1
03-03-2020 02:00;43;32;44,8;26;70,8;0;1,06;1,2
03-03-2020 03:00;38;29;5,6;19,8;25,4;0;0,57;4,7
03-03-2020 04:00;0;37;3,7;17,3;21;0;0,46;5,9
03-03-2020 05:00;35;16;9,1;17,5;26,7;0;0,48;8,9
03-03-2020 06:00;0;38;55,1;32,1;87,1;0;0,95;1,3
03-03-2020 07:00;68;42;74,6;31,9;106,5;0;1,36;1,1
03-03-2020 08:00;64;54;84,8;39,4;124,2;0;1,88;3,3
03-03-2020 09:00;77;71;33,1;34,5;67,7;0;1,21;14
03-03-2020 10:00;55;24;16,5;23,9;40,3;0;0,85;22,1
03-03-2020 11:00;38;38;6;12;18;0;0,52;29,6
03-03-2020 12:00;32;16;4,7;7,9;12,6;0;0,43;32,3
03-03-2020 13:00;16;13;5,2;9,7;14,8;0;0,46;32,6
03-03-2020 14:00;27;21;6,2;23,9;30,2;0;0,69;43,5
03-03-2020 15:00;63;36;7,3;17,7;25;0;0,61;31,9
03-03-2020 16:00;51;29;10;22,9;32,9;0;0,71;21
03-03-2020 17:00;57;32;13,1;35,6;48,7;0;0,91;9,8
03-03-2020 18:00;55;33;21,2;42,1;63,3;0;1,37;5,1
03-03-2020 19:00;48;36;21,4;42,7;64,1;0;1,52;4,1
03-03-2020 20:00;51;32;48,4;50,9;99,3;0;2,23;1,7
03-03-2020 21:00;70;47;33,5;45,5;79;0;1,36;1
03-03-2020 22:00;56;36;60,2;42,8;102,9;0;1,84;0,7
03-03-2020 23:00;73;40;45,5;37,6;83,2;0;1,51;0,7
03-03-2020 24:00;48;22;21,3;33,1;54,4;0;0,98;2
04-03-2020 01:00;36;34;85,5;36,7;122,1;0;1,56;1
04-03-2020 02:00;94;44;40,3;34;74,3;0;1,04;0,9
04-03-2020 03:00;59;39;21,8;29,1;50,9;0;0,85;1,1
04-03-2020 04:00;51;38;35,1;27,3;62,3;0;0,8;1
04-03-2020 05:00;57;39;35,3;26,4;61,4;0;0,71;0,7
04-03-2020 06:00;53;27;102,9;48,1;151,1;0;1,45;2
04-03-2020 07:00;122;100;127,1;33,8;160,9;0;2,03;1
04-03-2020 08:00;100;56;83,3;42,4;125,6;0;2,07;5,2
04-03-2020 09:00;76;69;13,4;19,3;32,8;0;0,79;19
04-03-2020 10:00;38;14;5,6;7,9;13,5;0;0,43;26,4
04-03-2020 11:00;33;33;4,3;6,2;10,5;0;0,37;28,5
04-03-2020 12:00;28;17;5,9;8,7;14,5;0;0,4;30,2
04-03-2020 13:00;27;18;6;9,6;15,6;0;0,43;31,9
04-03-2020 14:00;26;18;3,4;5,7;9,1;0;0,34;32,7
04-03-2020 15:00;24;16;5,1;8,2;13,3;0;0,38;30,9
04-03-2020 16:00;27;18;9,1;21,7;30,8;0;0,62;29,7
04-03-2020 17:00;55;31;8,2;21,4;29,6;0;0,76;29,2
04-03-2020 18:00;50;16;9,4;28,9;38,2;0;0,96;22,4
04-03-2020 19:00;84;27;8,6;36,4;45;0;1,17;14,5
04-03-2020 20:00;69;63;12,6;33,3;45,8;0;0,97;11
04-03-2020 21:00;37;31;5,3;22,5;27,8;0;0,67;18,7
04-03-2020 22:00;44;17;1,5;13,6;15,1;0;0,49;25,8
04-03-2020 23:00;31;27;3;13,5;16,5;0;0,49;25,7
04-03-2020 24:00;35;35;1,9;17,3;19,2;0;0,5;23,3
05-03-2020 01:00;48;33;1,1;15,6;16,7;0;0,46;23,3
05-03-2020 02:00;42;42;1,2;20,4;21,6;0;0,5;15,4
05-03-2020 03:00;49;33;1,7;22,7;24,4;0;0,48;12,2
05-03-2020 04:00;43;21;1,7;20,4;22,2;0;0,47;12,4
05-03-2020 05:00;44;29;15,5;32,3;47,9;0;0,57;2,6
05-03-2020 06:00;53;46;0;0;0;0;1,04;4,2
05-03-2020 07:00;61;38;72,4;40,9;113,1;0;1,48;3,1
05-03-2020 08:00;101;63;107,4;47,1;154,4;0;1,99;4,3
05-03-2020 09:00;103;68;20;23,7;43,7;0;0,84;21,9
05-03-2020 10:00;35;35;8,6;14,7;23,3;0;0,58;29,5
05-03-2020 11:00;34;23;5,5;12;17,5;0;0,49;34,8
05-03-2020 12:00;31;19;6,8;10,5;17,4;0;0,46;34,3
05-03-2020 13:00;40;22;5,5;8,5;14;0;0;0
05-03-2020 14:00;26;16;0;0;0;0;0,34;0
05-03-2020 15:00;0;0;4,2;0;0;0;0,35;0
05-03-2020 16:00;0;18;6,1;17,1;23,2;0;0,62;34
05-03-2020 17:00;90;53;8,2;24,5;32,7;0;0,75;27,9
05-03-2020 18:00;84;35;8,6;26,1;34,7;0;0,92;24,4
05-03-2020 19:00;80;31;11,7;32,6;44,4;0;1,03;16,4
05-03-2020 20:00;68;37;11,2;39,1;50,5;0;1,19;11,8
05-03-2020 21:00;70;34;6,9;36,3;43,2;0;0,99;12,1
05-03-2020 22:00;61;34;5,5;38,3;43,9;0;0,95;9,3
05-03-2020 23:00;56;52;2,9;25,9;28,8;0;0,67;19,5
05-03-2020 24:00;40;31;3,5;35,6;39,2;0;0,79;10,5
06-03-2020 01:00;69;33;2,5;35,5;37,9;0;0,72;10,2
06-03-2020 02:00;73;46;1,7;30,3;32,1;0;0,59;12,5
06-03-2020 03:00;73;47;1,4;24,6;26,1;0;0,55;13,3
06-03-2020 04:00;65;43;1,9;27,8;29,7;0;0,57;9,2
06-03-2020 05:00;62;44;15,1;33,2;48,4;0;0,67;4,1
06-03-2020 06:00;69;37;23,8;35,5;59,3;0;0,8;1,9
06-03-2020 07:00;83;67;118,9;41,6;160,5;0;1,92;1,7
06-03-2020 08:00;129;75;99,8;47,4;147;0;2,33;4,3
06-03-2020 09:00;122;89;49,9;43,8;93,8;0;1,56;7,7
06-03-2020 10:00;118;69;20,5;27,8;48,3;0;0,89;20,2
06-03-2020 11:00;75;49;8,4;18,2;26,6;0;0,68;34,7
06-03-2020 12:00;0;20;4,7;15,8;20,5;0;0,61;43,6
06-03-2020 13:00;48;44;3,5;13,9;17,4;0;0,56;53,7
06-03-2020 14:00;48;32;3,2;17,7;20,9;0;0,62;61,7
06-03-2020 15:00;51;36;3;21,1;24,2;0;0,69;60,2
06-03-2020 16:00;89;38;5,8;27,2;33;0;0,83;48,3
06-03-2020 17:00;91;38;4,7;25,6;30,2;0;0,82;45,9
06-03-2020 18:00;85;45;4,2;28,5;32,7;0;0,96;36,3
06-03-2020 19:00;90;40;11,8;47,1;59,2;0;1,33;17,9
06-03-2020 20:00;72;53;19,2;51,8;71;0;1,5;8,9
06-03-2020 21:00;74;49;11;47,6;58,6;0;1,37;9,4
06-03-2020 22:00;84;58;18;53,2;71,2;0;1,45;3,6
06-03-2020 23:00;79;51;10,9;43,8;54,7;0;1,15;8,5
06-03-2020 24:00;68;50;6,2;42,4;48,7;0;0,99;10
07-03-2020 01:00;68;46;1,7;20,3;22;0;0,66;27,3
07-03-2020 02:00;59;48;1,1;16,8;17,9;0;0,62;27,8
07-03-2020 03:00;54;48;1,1;15,1;16,2;0;0,59;29
07-03-2020 04:00;59;41;2,1;23,3;25,4;0;0,64;19,5
07-03-2020 05:00;69;49;1,4;18,7;20,1;0;0,59;23
07-03-2020 06:00;65;48;12,1;21,3;33,4;0;0,69;22,9
07-03-2020 07:00;66;44;7;27,3;34,1;0;0,8;19,8
07-03-2020 08:00;57;48;4,4;16;20,3;0;0,66;31
07-03-2020 09:00;49;37;3,4;11,7;15,1;0;0,54;34,1
07-03-2020 10:00;46;33;2,6;7,2;9,9;0;0,45;38,4
07-03-2020 11:00;40;31;3,9;7,5;11,4;0;0,47;40,6
07-03-2020 12:00;39;31;3,1;7,2;10,3;0;0,46;43,3
07-03-2020 13:00;39;32;3,3;11,4;14,7;0;0,54;49,2
07-03-2020 14:00;47;38;1,9;12,1;14;0;0,53;61,6
07-03-2020 15:00;50;23;2,8;18,4;21,2;0;0,69;56,8
07-03-2020 16:00;93;48;3,5;19;22,6;0;0,7;49,8
07-03-2020 17:00;77;52;4,4;21,7;26;0;0,73;44,3
07-03-2020 18:00;72;49;2,3;21,7;24;0;0,74;42,1
07-03-2020 19:00;65;45;4,2;32,2;36,3;0;0,91;31
07-03-2020 20:00;74;50;3,2;37,2;40,4;0;0,93;23,8
07-03-2020 21:00;75;56;4;38;42;0;0,94;24,6
07-03-2020 22:00;72;53;1,6;30,4;32;0;0,82;25,7
07-03-2020 23:00;62;42;0,8;13;13,8;0;0,59;35
07-03-2020 24:00;56;38;0,7;9,4;10;0;0,52;36,4
08-03-2020 01:00;49;25;0,8;8,6;9,4;0;0,51;37,2
08-03-2020 02:00;45;42;0,5;5,1;5,6;0;0,47;40,4
08-03-2020 03:00;44;28;0,9;5,7;6,6;0;0,46;38,3
08-03-2020 04:00;41;34;0,7;5,5;6,1;0;0,47;37,8
08-03-2020 05:00;40;27;1,2;18;19,2;0;0,6;25,6
08-03-2020 06:00;50;41;0,9;7,3;8,2;0;0,5;34,1
08-03-2020 07:00;33;26;2,5;16,1;18,5;0;0,65;24,2
08-03-2020 08:00;46;34;3,3;10,9;14,3;0;0,57;29,5
08-03-2020 09:00;39;35;3,4;8,8;12,1;0;0,54;31,6
08-03-2020 10:00;36;29;3,7;6,7;10,3;0;0,51;34,9
08-03-2020 11:00;30;27;2,4;6,7;9,2;0;0,51;41,4
08-03-2020 12:00;27;24;3,2;7,2;10,4;0;0,52;37,4
08-03-2020 13:00;27;25;2,8;18,8;21,6;0;0,75;41,6
08-03-2020 14:00;81;41;3,4;19,2;22,5;0;0,74;40
08-03-2020 15:00;54;45;3,4;15,4;18,8;0;0,7;33,4
08-03-2020 16:00;67;38;3,7;18,5;22,3;0;0,76;25,3
08-03-2020 17:00;34;34;4,2;22,1;26,3;0;0,83;22,5
08-03-2020 18:00;49;36;4;25,7;29,7;0;0,9;18,3
08-03-2020 19:00;43;36;6,4;32,6;39;0;0,97;12
08-03-2020 20:00;37;27;10,3;37,9;48,2;0;1,09;7,5
08-03-2020 21:00;45;20;11,2;37,4;48,5;0;1,06;5,9
08-03-2020 22:00;38;29;7,4;20,9;28,2;0;0,77;15,1
08-03-2020 23:00;33;15;1,2;7,5;8,6;0;0,49;25,4
08-03-2020 24:00;30;0;1,3;9,2;10,5;0;0,47;23,6
09-03-2020 01:00;29;15;1;4,6;5,6;0;0,4;29,2
09-03-2020 02:00;22;22;0,7;3,4;4,1;0;0,39;30,9
09-03-2020 03:00;26;20;0,7;3,5;4,2;0;0,39;30,3
09-03-2020 04:00;24;24;0,9;4,1;5;0;0,39;28,2
09-03-2020 05:00;18;18;1,2;8,7;9,9;0;0,43;23,8
09-03-2020 06:00;28;24;7,9;29;36,9;0;0,64;8,4
09-03-2020 07:00;38;21;67;41,2;108,4;0;1,45;2,1
09-03-2020 08:00;67;56;34,1;29;63,1;0;1,12;12
09-03-2020 09:00;41;35;10,6;15,6;26,3;0;0,72;24,2
09-03-2020 10:00;32;23;9,5;14,7;24,3;0;0,75;24,9
09-03-2020 11:00;25;23;7,9;10,9;18,8;0;0,76;27,4
09-03-2020 12:00;41;27;2,4;8,2;10,5;0;0,53;30,2
09-03-2020 13:00;27;18;4,8;9,5;14,3;0;0,56;30,6
09-03-2020 14:00;27;21;3,3;10,4;13,7;0;0,55;29,9
09-03-2020 15:00;23;18;8,6;23,4;32;0;0,78;20,8
09-03-2020 16:00;56;22;14,1;30,8;45;0;0,91;16,2
09-03-2020 17:00;57;35;14,8;33,1;47,9;0;1,34;13,3
09-03-2020 18:00;66;56;11;32,8;43,8;0;0,92;11,4
09-03-2020 19:00;56;30;13,4;31;44,3;0;1,02;10,1
09-03-2020 20:00;53;35;12;33,6;45,6;0;1,04;6,1
09-03-2020 21:00;54;29;16;36,3;52,4;0;1,14;2,3
09-03-2020 22:00;47;31;28,8;36,7;65,5;0;1,28;1,1
09-03-2020 23:00;44;27;19,8;32,3;52,1;0;1;2,3
09-03-2020 24:00;61;35;2,4;15,2;17,5;0;0,55;13,3
10-03-2020 01:00;20;20;1,6;6,7;8,2;0;0,44;19,4
10-03-2020 02:00;21;21;1,3;5,8;7,1;0;0,42;19,4
10-03-2020 03:00;15;15;1,1;3,9;5;0;0,4;21,8
10-03-2020 04:00;22;22;1,4;10,2;11,6;0;0,44;14,7
10-03-2020 05:00;12;11;3,1;16,9;20;0;0,5;9,5
10-03-2020 06:00;17;13;24,6;28,8;53,4;0;0,76;1,1
10-03-2020 07:00;33;32;63,2;31,5;94,7;0;1,19;1,1
10-03-2020 08:00;51;50;69,4;31,5;100,8;0;1,55;4,4
10-03-2020 09:00;59;29;38,4;32;70,4;0;1,24;9
10-03-2020 10:00;57;49;30,1;36,8;67;0;1,21;18,5
10-03-2020 11:00;58;34;16;36,1;52,2;0;1,12;32,3
10-03-2020 12:00;52;34;10,1;40,6;50,6;0;1,06;38,6
10-03-2020 13:00;76;38;8,1;28,7;36,9;0;0,84;37,7
10-03-2020 14:00;100;56;12,2;23,9;36,1;0;0,76;18,5
10-03-2020 15:00;35;26;21,3;29,3;50,7;0;0,95;15,8
10-03-2020 16:00;49;35;8,1;23,6;31,7;0;0,78;23,4
10-03-2020 17:00;48;36;9,8;25,6;35,4;0;0,78;20,3
10-03-2020 18:00;53;30;19,1;30,1;49,2;0;0,94;9,8
10-03-2020 19:00;40;27;29,6;32,7;62,3;0;1,24;2,9
10-03-2020 20:00;29;14;74,3;36,6;110,9;0;1,87;1,2
10-03-2020 21:00;31;27;126,6;39,5;165,8;0;2,7;1,2
10-03-2020 22:00;50;33;113,9;36,9;150,8;0;2,43;0,8
10-03-2020 23:00;56;31;79,1;30,9;110;0;1,75;0,9
10-03-2020 24:00;41;25;17,7;27,1;44,8;0;0,8;1,9
11-03-2020 01:00;28;22;20;25,3;45,3;0;0,79;0,9
11-03-2020 02:00;37;22;6,3;26,4;32,6;0;0,63;2,9
11-03-2020 03:00;50;36;2,8;23,6;26,5;0;0,53;4,9
11-03-2020 04:00;47;32;1,5;20;21,6;0;0,5;7,4
11-03-2020 05:00;46;28;10,4;26,5;36,8;0;0,58;2,8
11-03-2020 06:00;47;40;0;0;0;0;1,24;1,8
11-03-2020 07:00;87;67;80,5;33,6;114;0;1,53;1,3
11-03-2020 08:00;55;46;66,8;39;105,9;0;1,67;4,5
11-03-2020 09:00;57;49;42,8;45;87,8;0;1,56;12,3
11-03-2020 10:00;56;39;23,7;39;62,7;0;1,05;20,3
11-03-2020 11:00;49;34;12,8;25,3;38,1;0;0,8;27,9
11-03-2020 12:00;45;32;8,8;20,8;29,6;0;0,67;38
11-03-2020 13:00;38;32;6,1;16,3;22,4;0;0,58;40,6
11-03-2020 14:00;24;22;6,3;18;24,3;0;0,58;36,5
11-03-2020 15:00;28;24;8,8;19,7;28,6;0;0,63;28,2
11-03-2020 16:00;33;13;9,2;18,9;28,1;0;0,66;27,9
11-03-2020 17:00;43;27;11,8;25,2;37;0;0,74;22
11-03-2020 18:00;47;32;10,5;26,9;37,3;0;0,84;18,9
11-03-2020 19:00;41;40;14,3;31,2;45,5;0;0,96;13,9
11-03-2020 20:00;53;28;15,3;33,6;48,9;0;1,05;10,5
11-03-2020 21:00;54;36;8,2;28,9;37,1;0;0,89;12,7
11-03-2020 22:00;44;37;7,6;27,9;35,6;0;0,85;12,9
11-03-2020 23:00;45;30;7,7;33,2;40,8;0;0,81;8,9
11-03-2020 24:00;52;46;2,5;21,5;24;0;0,6;13,1
12-03-2020 01:00;42;41;1,2;12,3;13,5;0;0,49;17,6
12-03-2020 02:00;40;27;1,3;13,9;15,3;0;0,5;15,8
12-03-2020 03:00;35;35;1,6;7,6;9,2;0;0,41;19,4
12-03-2020 04:00;31;19;0,9;5,6;6,6;0;0,39;23,1
12-03-2020 05:00;30;24;1,5;10,2;11,7;0;0,44;20,9
12-03-2020 06:00;37;20;0;0;0;0;1,13;6,8
12-03-2020 07:00;48;46;29,8;35,9;65,6;0;1,04;2,8
12-03-2020 08:00;51;32;25,7;28;53,7;0;1,08;8,3
12-03-2020 09:00;55;37;15,5;19,6;35,1;0;0,83;18
12-03-2020 10:00;37;32;9,7;15,7;25,4;0;0,69;24,9
12-03-2020 11:00;37;25;4,9;13;17,8;0;0,57;30,9
12-03-2020 12:00;28;25;7,9;24,6;32,5;0;0,75;25,6
12-03-2020 13:00;41;32;5,6;13,3;18,9;0;0,61;31,2
12-03-2020 14:00;29;21;11,1;29,1;40,3;0;0,85;23,8
12-03-2020 15:00;63;36;6,9;22,5;29,4;0;0;29,2
12-03-2020 16:00;37;25;0;0;0;0;0,83;0
12-03-2020 17:00;58;33;12,2;26;38,3;0;0,9;21,6
12-03-2020 18:00;44;26;14,2;30,4;44,5;0;1,34;17,1
12-03-2020 19:00;62;30;13,7;37,9;51,6;0;1,26;9,3
12-03-2020 20:00;50;20;27,2;45,1;72,3;0;1,45;2,4
12-03-2020 21:00;72;46;24,6;43,1;67,7;0;1,51;1,3
12-03-2020 22:00;69;42;22,9;42,6;65,5;0;1,22;1,8
12-03-2020 23:00;56;28;28,8;33,6;62,5;0;1,3;4,6
12-03-2020 24:00;49;47;2,4;17,9;20,3;0;0,66;14,9
13-03-2020 01:00;26;22;1,8;16,4;18,3;0;0,61;15,2
13-03-2020 02:00;0;25;1,7;11,2;12,8;0;0,55;18,5
13-03-2020 03:00;24;17;4,5;20,7;25,1;0;0,62;11
13-03-2020 04:00;40;23;1,5;8,2;9,7;0;0,51;20,6
13-03-2020 05:00;0;27;4;12;16;0;0,52;17,7
13-03-2020 06:00;25;25;23,3;33;56,2;0;0,89;2,2
13-03-2020 07:00;39;30;71,8;35,6;107,3;0;1,68;1,3
13-03-2020 08:00;67;47;69,2;37,6;106,7;0;1,85;2,7
13-03-2020 09:00;72;67;54;40,2;94,2;0;1,57;4,5
13-03-2020 10:00;67;38;31,4;36,1;67,5;0;1,21;13,2
13-03-2020 11:00;60;56;19,8;31;50,8;0;1,06;20,8
13-03-2020 12:00;75;44;11;26;36,9;0;0,93;39
13-03-2020 13:00;53;41;5,8;22,9;28,6;0;0,84;38,2
13-03-2020 14:00;53;33;5,6;23,6;29,2;0;0,87;33
13-03-2020 15:00;61;31;6,7;23,2;29,9;0;0,88;28,8
13-03-2020 16:00;57;29;11,7;27,3;38,8;0;0,95;20,6
13-03-2020 17:00;58;35;15,5;29,9;45,3;0;1,02;14,9
13-03-2020 18:00;39;25;16,7;32,3;49;0;1,17;13,2
13-03-2020 19:00;43;29;12,4;30,9;43,2;0;1,08;12,3
13-03-2020 20:00;37;29;7,4;30,1;37,5;0;1,01;9,7
13-03-2020 21:00;36;33;13,4;39;52,5;0;1,21;2,5
13-03-2020 22:00;29;29;35,3;42,1;77,5;0;1,52;1,1
13-03-2020 23:00;38;33;15,5;38,8;54,3;0;1,23;1,9
13-03-2020 24:00;30;30;17,8;39,2;57;0;1,27;0,9
14-03-2020 01:00;36;32;29,9;36,9;66,8;0;1,3;0,5
14-03-2020 02:00;32;29;18,4;34,4;52,8;0;1,09;0,8
14-03-2020 03:00;31;30;9,1;31;40,1;0;0,93;2,8
14-03-2020 04:00;26;26;3,2;21,9;25,2;0;0,74;8,5
14-03-2020 05:00;17;13;5,5;22,4;27,9;0;0,72;9,1
14-03-2020 06:00;0;24;12,3;20;32,2;0;1,12;10,5
14-03-2020 07:00;0;14;20,5;31,6;52;0;1,06;2,7
14-03-2020 08:00;15;14;32,4;32,5;64,9;0;1,25;6,2
14-03-2020 09:00;21;18;13,6;21,8;35,4;0;0,88;17,2
14-03-2020 10:00;16;1;10,5;22,8;33,3;0;0,86;17,4
14-03-2020 11:00;25;24;17,7;34,3;52,1;0;1,11;17,9
14-03-2020 12:00;34;24;9,8;23;32,8;0;0,9;37,3
14-03-2020 13:00;31;22;5,2;26,3;31,5;0;0,97;39,8
14-03-2020 14:00;43;20;7,4;29,7;37,1;0;1,04;32,1
14-03-2020 15:00;54;37;7,3;18,2;25,5;0;0,83;33,1
14-03-2020 16:00;32;21;5,7;16,9;22,7;0;0,81;34
14-03-2020 17:00;28;23;6;21,6;27,6;0;0,87;30
14-03-2020 18:00;32;25;4,6;18,8;23,4;0;0,79;24,1
14-03-2020 19:00;11;5;4,3;38,9;43,2;0;1,05;7,2
14-03-2020 20:00;23;7;5,9;39,4;45,2;0;1,1;3,9
14-03-2020 21:00;21;20;12;42;54;0;1,21;3,9
14-03-2020 22:00;23;16;16,2;40,4;56,7;0;1,19;2,5
14-03-2020 23:00;35;34;15,7;36,7;52,4;0;0,97;2,5
14-03-2020 24:00;31;23;9;27,1;36,1;0;0,86;7,4
15-03-2020 01:00;30;26;2,6;21,5;24,1;0;0,8;8,9
15-03-2020 02:00;21;14;2,2;17,2;19,4;0;0,71;12
15-03-2020 03:00;13;5;1,9;17,5;19,5;0;0,7;10,2
15-03-2020 04:00;16;16;1,6;14,1;15,8;0;0,67;13,5
15-03-2020 05:00;14;14;2;15,9;17,8;0;0,66;12
15-03-2020 06:00;14;11;9,4;25,9;35,3;0;0,86;3,7
15-03-2020 07:00;22;22;9,8;25,6;35,4;0;0,9;3,6
15-03-2020 08:00;21;15;17,1;24,5;41,6;0;0,92;6,4
15-03-2020 09:00;21;20;8,2;15,4;23,6;0;0,77;15,9
15-03-2020 10:00;17;6;7,5;12,6;20;0;0,72;21,6
15-03-2020 11:00;11;0;8,2;16,2;24,5;0;0,81;25,6
15-03-2020 12:00;20;15;5,2;11,6;16,7;0;0,72;32,1
15-03-2020 13:00;13;10;4;12,3;16,3;0;0,75;31,5
15-03-2020 14:00;28;20;5,5;17,1;22,5;0;0,86;27,7
15-03-2020 15:00;35;24;5,7;11,9;17,6;0;0,77;31,6
15-03-2020 16:00;30;23;4,4;12,5;16,9;0;0,78;28,4
15-03-2020 17:00;32;20;3,9;12,8;16,7;0;0,74;28,2
15-03-2020 18:00;24;18;4;14,7;18,8;0;0,77;25,7
15-03-2020 19:00;31;20;3,9;19,7;23,7;0;0,86;20
15-03-2020 20:00;26;21;3,4;19,1;22,5;0;0,82;17,4
15-03-2020 21:00;20;17;6,4;26,8;33,3;0;0,94;14,7
15-03-2020 22:00;33;24;3,4;21,9;25,4;0;0,83;16,6
15-03-2020 23:00;30;25;2,2;17,2;19,4;0;0,74;19,3
15-03-2020 24:00;20;16;3,3;17,3;20,6;0;0,65;17,5
16-03-2020 01:00;17;10;0,8;16,1;17;0;0,64;18,5
16-03-2020 02:00;26;0;0,8;15;15,8;0;0,64;19,9
16-03-2020 03:00;38;32;1,5;13,7;15,2;0;0,64;20,4
16-03-2020 04:00;49;38;1,2;14,7;15,9;0;0,64;19,4
16-03-2020 05:00;48;46;7,1;30,6;37,8;0;0,74;9,2
16-03-2020 06:00;52;33;34,8;45,5;80,4;0;1,03;1,6
16-03-2020 07:00;53;48;40,6;42,8;83,4;0;1,27;2,2
16-03-2020 08:00;56;40;50,7;35,9;86,7;0;1,39;2,3
16-03-2020 09:00;82;46;40,3;31,7;72;0;1,23;6,2
16-03-2020 10:00;0;28;16;19,8;35,8;0;0,77;19
16-03-2020 11:00;0;39;13,2;21,6;34,8;0;0,85;23,2
16-03-2020 12:00;0;29;8,3;16,1;24,4;0;0,75;32,2
16-03-2020 13:00;0;17;5,4;17,6;23;0;0,76;39,4
16-03-2020 14:00;0;26;6,1;25,5;31,5;0;0,86;34,4
16-03-2020 15:00;0;35;8,3;32,5;40,7;0;0,96;26
16-03-2020 16:00;0;36;7,9;30,9;38,7;0;1,04;25,8
16-03-2020 17:00;56;49;10,7;27,1;37,8;0;0,92;22,2
16-03-2020 18:00;53;41;10,5;25,8;36,3;0;0,9;22,3
16-03-2020 19:00;31;30;11,2;31,2;42,2;0;0,96;19,3
16-03-2020 20:00;22;19;13,3;39,3;52,5;0;1,13;11,5
16-03-2020 21:00;21;9;37,4;50;87,4;0;1,73;1,7
16-03-2020 22:00;44;33;52,3;48,3;100,5;0;1,78;1,1
16-03-2020 23:00;35;20;33,8;42;75,9;0;1,4;2,1
16-03-2020 24:00;33;32;15,9;35,6;51,6;0;0,9;3,6
17-03-2020 01:00;35;24;21,3;33,9;55,2;0;0,9;1,1
17-03-2020 02:00;30;12;5,6;30,1;35,6;0;0,68;1,9
17-03-2020 03:00;32;29;9,4;28,2;37,6;0;0,66;1,7
17-03-2020 04:00;36;13;9,1;27,9;37,1;0;0,65;2,6
17-03-2020 05:00;36;30;12,7;28,1;40,8;0;0,67;2,5
17-03-2020 06:00;45;33;55,3;35,4;90,7;0;1,03;1,3
17-03-2020 07:00;59;47;94,5;33,2;127,6;0;1,67;1,5
17-03-2020 08:00;78;51;79,2;37,2;116,5;0;1,64;3,7
17-03-2020 09:00;75;45;37,9;35,9;73,9;0;1,24;11,7
17-03-2020 10:00;68;61;21,2;32,5;53,7;0;1,06;26,2
17-03-2020 11:00;51;39;9,9;22,6;32,5;0;0,81;38,6
17-03-2020 12:00;50;31;4,6;14,6;19,2;0;0,67;50,5
17-03-2020 13:00;39;34;3,3;12,6;15,9;0;0,63;56,2
17-03-2020 14:00;52;26;5,2;18,8;24;0;0,75;47,9
17-03-2020 15:00;75;52;6,4;17,4;23,8;0;0,76;38,1
17-03-2020 16:00;80;40;6,6;19;25,6;0;0,78;33,7
17-03-2020 17:00;78;49;6,4;21,4;27,9;0;0,82;28,8
17-03-2020 18:00;69;45;8,5;26,5;35,1;0;0,96;23,5
17-03-2020 19:00;73;53;7,8;27;34,8;0;0,98;22,1
17-03-2020 20:00;61;48;8,5;31,7;40,2;0;1,05;17,7
17-03-2020 21:00;71;51;9,2;33,2;42,4;0;1,01;14,9
17-03-2020 22:00;68;41;4,4;28,5;32,9;0;0,86;17,6
17-03-2020 23:00;58;56;4,7;38,1;42,8;0;0,81;8,7
17-03-2020 24:00;73;53;4,2;40,7;44,9;0;0,8;6,5
18-03-2020 01:00;63;51;3;34,1;37;0;0,75;8,6
18-03-2020 02:00;69;50;1,1;19,2;20,4;0;0,6;15,5
18-03-2020 03:00;55;44;1,5;14,5;16;0;0,55;20,3
18-03-2020 04:00;44;42;1,1;15,5;16,6;0;0,54;18
18-03-2020 05:00;49;28;1,7;20,7;22,4;0;0,58;13
18-03-2020 06:00;68;51;8,7;32,8;41,5;0;0,75;4,3
18-03-2020 07:00;66;62;31;39;69,9;0;1,17;1,8
18-03-2020 08:00;78;51;36,7;37,9;74,6;0;1,25;6,1
18-03-2020 09:00;73;66;24,4;33,9;58,3;0;1,1;15,9
18-03-2020 10:00;76;67;12,4;30,6;43;0;0,95;28,2
18-03-2020 11:00;73;54;12,8;37,5;50,3;0;1,03;35,9
18-03-2020 12:00;83;59;9,8;39,2;49;0;1,03;50
18-03-2020 13:00;94;59;5,2;23,5;28,7;0;0,79;54,4
18-03-2020 14:00;91;67;5;16,2;21,2;0;0,7;45,7
18-03-2020 15:00;69;56;5,6;17,5;23,1;0;0,73;41,4
18-03-2020 16:00;70;51;4,6;16,7;21,3;0;0,72;44
18-03-2020 17:00;67;51;5,7;23,7;29,4;0;0,86;39,4
18-03-2020 18:00;73;65;5,4;29,9;35,3;0;0,99;30,1
18-03-2020 19:00;85;60;6,8;34,5;41,3;0;1,05;22,2
18-03-2020 20:00;66;59;5,9;30,3;36,3;0;0,97;22,9
18-03-2020 21:00;80;60;2,6;22;24,7;0;0,88;28,2
18-03-2020 22:00;65;53;2;18,7;20,8;0;0,8;30,3
18-03-2020 23:00;0;25;1,8;22,2;24;0;0,76;24,4
18-03-2020 24:00;0;42;0,9;11,4;12,3;0;0,68;27,8
19-03-2020 01:00;0;57;1,7;16,6;18,3;0;0,71;20,9
19-03-2020 02:00;0;52;1,6;17,2;18,8;0;0,71;19,7
19-03-2020 03:00;0;52;1;15,4;16,4;0;0,64;22,5
19-03-2020 04:00;0;62;2,2;19,9;22,1;0;0,68;15
19-03-2020 05:00;0;59;4,7;24,9;29,6;0;0,71;12,2
19-03-2020 06:00;0;65;13,9;36,6;50,5;0;0,92;4,2
19-03-2020 07:00;0;66;25;38,4;63,3;0;1,18;4,5
19-03-2020 08:00;0;74;30,5;36,7;67,3;0;1,29;10,5
19-03-2020 09:00;0;69;0;0;0;0;1,23;19,6
19-03-2020 10:00;0;73;0;0;0;0;0;0
19-03-2020 11:00;68;59;9,4;20,7;30,1;0;0,63;39,1
19-03-2020 12:00;73;45;8,1;17,2;25,3;0;0,57;45,1
19-03-2020 13:00;68;57;8;22,5;30,6;0;0,6;48,7
19-03-2020 14:00;86;61;9,1;15,6;24,7;0;0,54;41
19-03-2020 15:00;74;44;10,5;14,1;24,5;0;0,52;36,8
19-03-2020 16:00;72;41;11,1;15,7;26,7;0;0,52;33,9
19-03-2020 17:00;69;48;10,3;17,7;28;0;0,59;31,8
19-03-2020 18:00;70;43;11,5;31,8;43,3;0;0,85;24,5
19-03-2020 19:00;100;65;7,1;30,6;37,7;0;0,77;24,9
19-03-2020 20:00;91;59;8,7;28;36,6;0;0,8;22,2
19-03-2020 21:00;82;67;9,4;21,2;30,5;0;0,68;24,3
19-03-2020 22:00;62;48;10,3;21,7;32;0;0,63;21
19-03-2020 23:00;59;52;6,8;19,2;26;0;0,57;21,1
19-03-2020 24:00;53;51;5,9;14,1;20;0;0,49;24,7
20-03-2020 01:00;59;55;5,4;17,7;23,1;0;0,5;20,9
20-03-2020 02:00;61;42;5,5;15,8;21,2;0;0,48;19,3
20-03-2020 03:00;66;47;5,2;11,4;16,6;0;0,44;21,6
20-03-2020 04:00;0;65;5,9;21,7;27,5;0;0,52;11
20-03-2020 05:00;78;64;6,9;21,2;28,1;0;0,49;12,3
20-03-2020 06:00;78;52;7,2;24,4;31,6;0;0,54;8,3
20-03-2020 07:00;77;71;6,9;16;22,9;0;0,49;16
20-03-2020 08:00;57;48;9,3;18,9;28,3;0;0,54;15,4
20-03-2020 09:00;46;44;10,8;20,2;30,9;0;0,54;16,4
20-03-2020 10:00;53;45;9,7;13,4;23,2;0;0,48;23,6
20-03-2020 11:00;52;45;7,2;7,5;14,7;0;0,4;37,3
20-03-2020 12:00;42;42;7,5;11,9;19,4;0;0,41;30,8
20-03-2020 13:00;61;45;7,4;9,3;16,7;0;0,43;30,5
20-03-2020 14:00;36;34;7,4;9,1;16,6;0;0,46;31,4
20-03-2020 15:00;44;44;7,3;7,8;15,1;0;0,42;33,4
20-03-2020 16:00;55;46;7;6,9;13,9;0;0,38;31,9
20-03-2020 17:00;44;44;6,9;8,6;15,5;0;0,37;28,9
20-03-2020 18:00;44;38;7,3;12,2;19,6;0;0,38;23,8
20-03-2020 19:00;35;25;6,8;15,7;22,5;0;0,42;20,6
20-03-2020 20:00;44;37;5,3;9,4;14,7;0;0,34;23,5
20-03-2020 21:00;30;26;6,4;17;23,4;0;0,39;17,4
20-03-2020 22:00;29;28;6,3;14,9;21,3;0;0,36;18,4
20-03-2020 23:00;24;23;5,9;12,6;18,5;0;0,33;21,4
20-03-2020 24:00;35;24;5,5;8,7;14,3;0;0,33;28
21-03-2020 01:00;38;32;5;12,5;17,5;0;0,37;25,9
21-03-2020 02:00;41;37;5,1;10,3;15,5;0;0,36;29,1
21-03-2020 03:00;48;29;5,1;8,6;13,7;0;0,36;30,7
21-03-2020 04:00;47;47;5,4;10,1;15,5;0;0,37;29,8
21-03-2020 05:00;47;42;5,2;10,9;16,1;0;0,4;29,1
21-03-2020 06:00;51;34;5,7;13,8;19,5;0;0,46;28
21-03-2020 07:00;46;0;6,5;20;26,5;0;0,52;23,2
21-03-2020 08:00;48;40;6,7;11;17,7;0;0,43;31,3
21-03-2020 09:00;38;38;7,1;8,7;15,8;0;0,37;33,5
21-03-2020 10:00;39;35;6,8;5,8;12,5;0;0,27;31,4
21-03-2020 11:00;22;22;6,2;4;10,2;0;0,21;32,4
21-03-2020 12:00;25;21;6,6;4,6;11,2;0;0,25;33
21-03-2020 13:00;25;25;6,6;4,8;11,5;0;0,28;31,9
21-03-2020 14:00;14;11;6,2;3,9;10,1;0;0,27;32,3
21-03-2020 15:00;16;16;6,4;4,9;11,3;0;0,3;31,7
21-03-2020 16:00;0;22;6,2;5,2;11,4;0;0,3;31,1
21-03-2020 17:00;19;16;5,9;5,5;11,4;0;0,28;30,6
21-03-2020 18:00;22;22;6;8,5;14,5;0;0,3;27,3
21-03-2020 19:00;24;22;6,3;10,2;16,4;0;0,32;24
21-03-2020 20:00;38;26;5,9;15,5;21,4;0;0,36;19,5
21-03-2020 21:00;32;24;5,6;12,8;18,3;0;0,39;20,8
21-03-2020 22:00;34;17;5,9;16,4;22,3;0;0,39;16,1
21-03-2020 23:00;30;24;5,9;20,9;26,8;0;0,39;11,2
21-03-2020 24:00;0;41;5,5;16;21,5;0;0,37;13,7
22-03-2020 01:00;31;15;4,9;10;14,8;0;0,34;18,1
22-03-2020 02:00;32;28;5,7;15;20,7;0;0,38;10,3
22-03-2020 03:00;37;37;6,3;17,3;23,6;0;0,39;6,4
22-03-2020 04:00;40;40;5,8;16,1;21,9;0;0,39;4,7
22-03-2020 05:00;39;28;8,4;18,8;27,2;0;0,42;2,1
22-03-2020 06:00;34;0;8,1;16,3;24,4;0;0,42;2,1
22-03-2020 07:00;32;24;7,9;12;19,9;0;0,38;6,8
22-03-2020 08:00;37;37;12,9;11,9;24,8;0;0,46;11
22-03-2020 09:00;42;28;10,5;8,4;18,9;0;0,36;19
22-03-2020 10:00;36;36;8,1;6,4;14,5;0;0,26;26,3
22-03-2020 11:00;27;24;6,9;5,9;12,8;0;0,23;32,9
22-03-2020 12:00;22;22;6,3;5,7;12,1;0;0,21;36,9
22-03-2020 13:00;25;13;6,3;4;10,2;0;0,19;30,3
22-03-2020 14:00;16;16;6,4;3,5;10;0;0,2;27,2
22-03-2020 15:00;22;13;6,1;3,5;9,6;0;0,22;27,3
22-03-2020 16:00;17;12;5,9;3,4;9,2;0;0,23;27,5
22-03-2020 17:00;21;11;6,4;4,2;10,5;0;0,23;27,6
22-03-2020 18:00;24;20;6,5;5,9;12,4;0;0,26;26,4
22-03-2020 19:00;25;18;8;11,3;19,3;0;0,29;23,3
22-03-2020 20:00;22;22;5,4;8,2;13,6;0;0,29;25,1
22-03-2020 21:00;25;25;5,5;10,4;15,9;0;0,33;23,1
22-03-2020 22:00;29;19;5,4;13,2;18,6;0;0,36;20,5
22-03-2020 23:00;36;36;5,4;14,8;20,3;0;0,35;19
22-03-2020 24:00;34;32;5,4;18,7;24;0;0,38;13,7
23-03-2020 01:00;43;29;5,5;14,6;20;0;0,35;16,3
23-03-2020 02:00;47;44;5,8;12,6;18,4;0;0,35;16,7
23-03-2020 03:00;50;44;5,8;11,6;17,4;0;0,36;15,8
23-03-2020 04:00;49;48;5,2;9,5;14,7;0;0,34;18,3
23-03-2020 05:00;54;38;5;6,5;11,5;0;0,34;21,8
23-03-2020 06:00;55;47;5,8;10,8;16,7;0;0,42;17,3
23-03-2020 07:00;52;52;6,6;13;19,6;0;0,46;16,5
23-03-2020 08:00;50;48;8,7;11,5;20,2;0;0,45;18,9
23-03-2020 09:00;53;48;8;8,9;16,9;0;0,41;24,8
23-03-2020 10:00;49;49;7,1;7,7;14,8;0;0,37;30,7
23-03-2020 11:00;51;42;6,7;7,3;13,9;0;0,36;35,6
23-03-2020 12:00;0;45;6,4;7,6;14;0;0,36;39,3
23-03-2020 13:00;42;38;7,4;12;19,4;0;0,41;30,4
23-03-2020 14:00;56;43;5,4;6,3;11,7;0;0,35;37,6
23-03-2020 15:00;39;37;6,2;8,2;14,3;0;0,39;35,1
23-03-2020 16:00;44;41;6,3;9,9;16,2;0;0,39;34,6
23-03-2020 17:00;45;43;6;8,7;14,7;0;0,38;32,6
23-03-2020 18:00;50;39;6,1;7,2;13,3;0;0,41;31,6
23-03-2020 19:00;49;37;5,9;9,5;15,3;0;0,42;28
23-03-2020 20:00;49;43;5,3;12,2;17,5;0;0,43;24,9
23-03-2020 21:00;47;44;5;14,9;19,9;0;0,48;21,3
23-03-2020 22:00;52;45;5,5;16,2;21,7;0;0,48;21,2
23-03-2020 23:00;49;47;4,9;8,5;13,4;0;0,39;26,6
23-03-2020 24:00;51;41;5,3;10,8;16,1;0;0,4;26,2
24-03-2020 01:00;46;43;5;6,4;11,5;0;0,37;28,3
24-03-2020 02:00;49;42;5,3;6,5;11,8;0;0,39;28
24-03-2020 03:00;49;36;5;8,5;13,5;0;0,41;24,7
24-03-2020 04:00;46;45;5,2;8,9;14,1;0;0,41;22,1
24-03-2020 05:00;0;53;5,5;10,1;15,6;0;0,4;22,5
24-03-2020 06:00;54;54;6,1;15,2;21,4;0;0,46;19,5
24-03-2020 07:00;44;37;11;23,1;34,1;0;0,67;13,4
24-03-2020 08:00;59;59;9,7;17,1;26,8;0;0,56;20,9
24-03-2020 09:00;53;50;10;14,5;24,5;0;0,53;25,2
24-03-2020 10:00;42;42;11,9;16,5;28,4;0;0,55;29,2
24-03-2020 11:00;0;42;8;11,2;19,2;0;0,44;34,7
24-03-2020 12:00;0;25;8,8;15,8;24,5;0;0,5;28,2
24-03-2020 13:00;0;37;11,9;21,3;33,3;0;0,6;24,6
24-03-2020 14:00;0;41;6,9;14,7;21,6;0;0,56;37,8
24-03-2020 15:00;0;39;8,1;18,4;26,5;0;0,58;29,2
24-03-2020 16:00;46;46;10,1;24,1;34,1;0;0,61;22,1
24-03-2020 17:00;41;41;8;24,8;32,8;0;0,61;19,3
24-03-2020 18:00;49;39;9;27,9;36,9;0;0,7;14,9
24-03-2020 19:00;44;36;12;38,4;50,4;0;0,86;6,4
24-03-2020 20:00;51;38;10,7;35,7;46,4;0;0,75;7,7
24-03-2020 21:00;48;42;8,2;31,7;39,9;0;0,69;10
24-03-2020 22:00;57;45;6,5;23,5;30;0;0,59;14,5
24-03-2020 23:00;53;41;9,1;34,3;43,4;0;0,75;4,8
24-03-2020 24:00;58;49;9;33,6;42,7;0;0,67;3,4
25-03-2020 01:00;44;42;5,7;24,5;30,2;0;0,58;10,5
25-03-2020 02:00;45;45;5,7;11,2;17;0;0,41;18,2
25-03-2020 03:00;32;20;6,2;13,1;19,4;0;0,44;12,5
25-03-2020 04:00;32;0;6,1;13,4;19,5;0;0,43;12,1
25-03-2020 05:00;37;28;8;22,3;30,2;0;0,52;3,3
25-03-2020 06:00;42;30;8,4;18,9;27,4;0;0,52;6,8
25-03-2020 07:00;43;35;48,1;39,2;87,3;0;1,21;6,4
25-03-2020 08:00;58;58;29,9;25,6;55,4;0;0,88;9,7
25-03-2020 09:00;54;47;13,9;16,1;30;0;0,58;23,9
25-03-2020 10:00;36;36;7;5,9;12,9;0;0,37;33,3
25-03-2020 11:00;27;23;6,2;4,9;11,1;0;0,37;36,5
25-03-2020 12:00;27;16;6,5;6,8;13,4;0;0,4;37,9
25-03-2020 13:00;21;21;6,4;5,1;11,5;0;0,39;35,8
25-03-2020 14:00;23;18;7;6,5;13,5;0;0,4;30,7
25-03-2020 15:00;32;20;6,1;7,1;13,3;0;0,41;29,7
25-03-2020 16:00;25;25;7,1;16,4;23,5;0;0,53;24,4
25-03-2020 17:00;26;26;9,3;23,2;32,5;0;0,67;17,2
25-03-2020 18:00;30;28;9,8;31,4;41,2;0;0,74;11,4
25-03-2020 19:00;26;23;7;28,5;35,6;0;0,74;11,6
25-03-2020 20:00;29;28;8,2;29,4;37,6;0;0,72;12,4
25-03-2020 21:00;45;38;6,7;24,7;31,4;0;0,67;17,6
25-03-2020 22:00;46;38;6;23,9;30;0;0,62;19,2
25-03-2020 23:00;47;43;5,8;15,7;21,5;0;0,54;21,3
25-03-2020 24:00;47;41;5,6;11,2;16,8;0;0,42;18,9
26-03-2020 01:00;35;35;5,4;13,4;18,8;0;0,42;15,3
26-03-2020 02:00;33;21;5,3;11,6;17;0;0,39;17,1
26-03-2020 03:00;37;37;6;10,9;16,9;0;0,4;14,8
26-03-2020 04:00;30;28;5,4;11;16,3;0;0,4;13,5
26-03-2020 05:00;36;25;5,6;9,9;15,5;0;0,39;14,4
26-03-2020 06:00;39;39;7;15,9;23;0;0,46;8,9
26-03-2020 07:00;41;39;14,8;24,2;39;0;0,71;5,5
26-03-2020 08:00;41;41;12,9;16,6;29,5;0;0,6;17,4
26-03-2020 09:00;33;24;6,9;5,8;12,7;0;0,39;29,9
26-03-2020 10:00;18;18;6,1;4,8;10,9;0;0,35;36
26-03-2020 11:00;16;16;6,3;5,8;12;0;0,38;43,3
26-03-2020 12:00;17;13;6,1;5,7;11,8;0;0,37;48,1
26-03-2020 13:00;24;24;6,8;7,8;14,7;0;0,41;43,1
26-03-2020 14:00;46;38;7,2;8,6;15,8;0;0,46;41,9
26-03-2020 15:00;51;45;6,5;8;14,5;0;0,5;37
26-03-2020 16:00;57;51;6,1;6,7;12,8;0;0,42;34,6
26-03-2020 17:00;38;36;6;6,4;12,4;0;0,34;32,3
26-03-2020 18:00;19;18;5,7;10,2;15,8;0;0,38;30,5
26-03-2020 19:00;20;20;5,8;11,1;16,9;0;0,39;26,5
26-03-2020 20:00;0;24;5,4;16,3;21,7;0;0,49;19,7
26-03-2020 21:00;0;28;5,5;18,5;24;0;0,56;14,7
26-03-2020 22:00;33;22;5,6;16,3;21,9;0;0,51;14,3
26-03-2020 23:00;30;24;6,3;20,1;26,3;0;0,55;9,2
26-03-2020 24:00;33;33;5,6;18,5;24,2;0;0,52;8,8
27-03-2020 01:00;35;17;5,6;20,7;26,3;0;0,5;6,5
27-03-2020 02:00;39;39;5,5;14,6;20,2;0;0,43;10,7
27-03-2020 03:00;0;38;5,4;11,7;17,1;0;0,41;11,5
27-03-2020 04:00;39;19;5,3;11,2;16,5;0;0,41;10,1
27-03-2020 05:00;33;32;6;14,1;20,2;0;0,43;7,8
27-03-2020 06:00;36;36;8,7;18,2;26,9;0;0,49;5,6
27-03-2020 07:00;48;48;12,6;16,9;29,5;0;0,59;5,7
27-03-2020 08:00;40;40;17,4;15,4;32,8;0;0,61;11,7
27-03-2020 09:00;0;44;11,5;11,3;22,9;0;0,54;21
27-03-2020 10:00;0;37;8,8;8,5;17,3;0;0,42;27,7
27-03-2020 11:00;0;31;6;4;10;0;0,34;31,6
27-03-2020 12:00;0;20;5,9;4,8;10,7;0;0,37;37
27-03-2020 13:00;0;0;5,7;7,3;13;0;0;0
27-03-2020 14:00;0;31;0;0;0;0;0,5;40,6
27-03-2020 15:00;61;39;1,8;6,9;8,6;0;0,53;39
27-03-2020 16:00;52;36;1,7;8,7;10,5;0;0,59;34,5
27-03-2020 17:00;68;35;1,8;9,6;11,4;0;0,61;31,9
27-03-2020 18:00;63;43;1,3;9,9;11,2;0;0,61;30,1
27-03-2020 19:00;53;42;1;10,8;11,9;0;0,64;28,2
27-03-2020 20:00;57;46;1,5;9,7;11,2;0;0,61;28,5
27-03-2020 21:00;62;39;1;7,9;8,9;0;0,59;29,2
27-03-2020 22:00;42;40;1,3;7,3;8,6;0;0,58;28,9
27-03-2020 23:00;55;38;0,7;7,5;8,1;0;0,58;24,4
27-03-2020 24:00;52;40;0,4;8,7;9;0;0,6;22,5
28-03-2020 01:00;52;38;0,7;8,2;8,9;0;0,61;21,6
28-03-2020 02:00;49;39;0,5;7,6;8,2;0;0,6;22,1
28-03-2020 03:00;38;37;1;5,9;6,9;0;0,55;24,9
28-03-2020 04:00;48;34;1,5;3,7;5,2;0;0,51;26
28-03-2020 05:00;0;33;0,4;2,8;3,3;0;0,49;31
28-03-2020 06:00;34;29;1,5;5,3;6,8;0;0,51;28,5
28-03-2020 07:00;0;27;1,1;9,4;10,5;0;0,55;25,8
28-03-2020 08:00;30;20;2,3;12,6;14,9;0;0,63;23,6
28-03-2020 09:00;0;28;3,5;14,2;17,7;0;0,66;22,2
28-03-2020 10:00;45;31;4,2;11,1;15,3;0;0,63;30,4
28-03-2020 11:00;45;29;2;6;8;0;0,57;42,9
28-03-2020 12:00;42;35;1,4;4,2;5,7;0;0,58;43,3
28-03-2020 13:00;46;39;1,1;3,6;4,7;0;0,57;45,4
28-03-2020 14:00;49;29;1,3;7,4;8,7;0;0,61;51,5
28-03-2020 15:00;54;41;1,4;6,6;8,1;0;0,6;43,3
28-03-2020 16:00;49;39;1,4;5,2;6,6;0;0,56;39,9
28-03-2020 17:00;42;34;1,7;9,2;11;0;0,62;38
28-03-2020 18:00;49;37;1;7,8;8,8;0;0,61;34,5
28-03-2020 19:00;49;41;1,7;11,9;13,7;0;0,63;30,2
28-03-2020 20:00;50;38;1;11,1;12,1;0;0,63;29,8
28-03-2020 21:00;48;41;0,7;8,7;9,4;0;0,62;30,3
28-03-2020 22:00;49;47;0,8;5,7;6,5;0;0,58;31,1
28-03-2020 23:00;71;53;1,2;5,8;7;0;0,57;28,6
28-03-2020 24:00;58;55;0,6;8,7;9,3;0;0,58;24,6
29-03-2020 01:00;59;52;0,9;7,3;8,2;0;0,57;25,5
29-03-2020 02:00;68;49;0,6;9,6;10,2;0;0,6;21,1
29-03-2020 03:00;77;64;0,4;10,1;10,5;0;0,6;17,7
29-03-2020 04:00;71;61;0,1;3,2;3,3;0;0,52;28,1
29-03-2020 05:00;58;48;0,4;2,6;3;0;0,51;29,5
29-03-2020 06:00;49;42;0;2;1,9;0;0,52;33,7
29-03-2020 07:00;61;45;1;5,3;6,3;0;0,57;30,7
29-03-2020 08:00;55;47;2,1;8,1;10,2;0;0,64;31,6
29-03-2020 09:00;63;49;2,4;7,2;9,6;0;0,6;38
29-03-2020 10:00;65;50;1,2;3,1;4,2;0;0,48;41,3
29-03-2020 11:00;65;40;0,8;2,2;3;0;0,48;40,1
29-03-2020 12:00;57;38;0,7;2,3;3;0;0,47;38,7
29-03-2020 13:00;50;42;0,8;1,6;2,4;0;0,45;37,5
29-03-2020 14:00;40;23;0,4;1,3;1,8;0;0,43;37
29-03-2020 15:00;30;27;0,5;2,1;2,6;0;0,43;35,2
29-03-2020 16:00;32;27;0,5;2,1;2,6;0;0,43;34,8
29-03-2020 17:00;33;25;1,6;5,7;7,3;0;0,56;33,5
29-03-2020 18:00;51;38;1,3;7,1;8,4;0;0,57;31
29-03-2020 19:00;51;36;0,6;9,8;10,4;0;0,6;27,6
29-03-2020 20:00;48;38;0,6;9,5;10,2;0;0,58;27
29-03-2020 21:00;43;36;0,6;4,3;4,9;0;0,55;35,1
29-03-2020 22:00;59;47;0,4;3,6;4;0;0,52;35,6
29-03-2020 23:00;55;38;0,7;5,4;6;0;0,52;32,4
29-03-2020 24:00;38;38;0,4;2,2;2,5;0;0,5;35,8
30-03-2020 01:00;60;36;0,4;2,3;2,7;0;0,52;38,9
30-03-2020 02:00;55;43;0,4;1,4;1,7;0;0,52;39,8
30-03-2020 03:00;55;46;0,1;1,5;1,6;0;0,52;38,9
30-03-2020 04:00;62;47;0,5;2,1;2,5;0;0,52;39,2
30-03-2020 05:00;53;39;0,2;2,4;2,6;0;0,56;42,6
30-03-2020 06:00;56;47;0,9;9,6;10,5;0;0,64;33,9
30-03-2020 07:00;70;56;2,4;22,5;24,9;0;0,85;21,9
30-03-2020 08:00;87;67;3,7;14,7;18,3;0;0,75;30
30-03-2020 09:00;77;71;2,4;5,6;8;0;0,63;38,5
30-03-2020 10:00;59;54;2,1;5,4;7,5;0;0,64;38,4
30-03-2020 11:00;75;59;1,5;5,8;7,3;0;0,64;36,4
30-03-2020 12:00;69;61;1,4;6,2;7,6;0;0,61;33,4
30-03-2020 13:00;54;43;2,3;5,7;8;0;0,58;32,4
30-03-2020 14:00;47;31;1,4;3,4;4,8;0;0,51;32,1
30-03-2020 15:00;33;23;1,5;3,3;4,8;0;0,51;31,6
30-03-2020 16:00;32;27;1,1;2,9;4;0;0,49;30
30-03-2020 17:00;32;25;2,3;5;7,4;0;0,52;27,7
30-03-2020 18:00;31;25;1,7;6,1;7,8;0;0,54;27,2
30-03-2020 19:00;40;35;0,7;5,5;6,2;0;0,53;28,2
30-03-2020 20:00;40;29;0,7;4,8;5,5;0;0,51;27,5
30-03-2020 21:00;36;26;0,8;5,1;5,9;0;0,52;25,2
30-03-2020 22:00;35;27;0,8;4;4,7;0;0,49;25,3
30-03-2020 23:00;30;30;0,5;4,4;4,9;0;0,49;24,3
30-03-2020 24:00;45;31;0,4;2,7;3;0;0,46;25
31-03-2020 01:00;30;30;0,5;1,9;2,4;0;0,45;25
31-03-2020 02:00;43;26;0,3;2,3;2,6;0;0,46;21,7
31-03-2020 03:00;26;26;0,1;4,2;4,3;0;0,47;20,3
31-03-2020 04:00;30;27;1,1;5,7;6,8;0;0,49;18,2
31-03-2020 05:00;34;29;1,2;10,9;12,1;0;0,53;13
31-03-2020 06:00;40;29;11,5;22;33,6;0;0,7;3,8
31-03-2020 07:00;50;39;13,4;23;36,4;0;0,81;4,1
31-03-2020 08:00;49;36;13,4;19,8;33,1;0;0,83;8,2
31-03-2020 09:00;55;35;4,6;8,1;12,7;0;0,57;19,9
31-03-2020 10:00;21;8;2,6;4,8;7,3;0;0,48;22,7
31-03-2020 11:00;14;7;3;5,7;8,7;0;0,48;23
31-03-2020 12:00;12;6;2,9;4,1;7;0;0,45;23,4
31-03-2020 13:00;17;8;3,1;3,9;7;0;0,44;24,3
31-03-2020 14:00;8;8;2,8;3,6;6,4;0;0,43;24,8
31-03-2020 15:00;8;5;2;3,6;5,7;0;0,45;23,9
31-03-2020 16:00;12;3;2;2,5;4,5;0;0,41;21,1
31-03-2020 17:00;11;2;2;2,3;4,3;0;0,37;18,1
31-03-2020 18:00;10;4;1,8;3;4,8;0;0,37;16,4
31-03-2020 19:00;9;5;1,8;5,8;7,6;0;0,4;13,8
31-03-2020 20:00;11;5;1,9;5,6;7,5;0;0,4;14,1
31-03-2020 21:00;12;8;1,5;6,6;8,2;0;0,45;13,1
31-03-2020 22:00;19;10;1,8;5,2;7,1;0;0,41;13,2
31-03-2020 23:00;17;10;1,2;8,8;10;0;0,44;9,8
31-03-2020 24:00;9;9;3,9;17,2;21,1;0;0,54;3,8
01-04-2020 01:00;32;15;2,4;16,4;18,8;0;0,5;4,6
01-04-2020 02:00;29;15;1,8;16,2;18;0;0,48;4,5
01-04-2020 03:00;30;18;1,8;14,5;16,4;0;0,5;4
01-04-2020 04:00;25;18;2,7;13,9;16,7;0;0,5;5,7
01-04-2020 05:00;28;21;3,3;15,6;18,9;0;0,52;6,6
01-04-2020 06:00;32;25;7,3;17,8;25,1;0;0,57;1,9
01-04-2020 07:00;45;21;23,5;19,2;42,7;0;0,78;2,2
01-04-2020 08:00;32;24;21,2;20,5;41,6;0;0,77;4,8
01-04-2020 09:00;33;24;13,4;14,5;27,9;0;0,63;12,4
01-04-2020 10:00;28;20;7,6;12,2;19,8;0;0,53;19,3
01-04-2020 11:00;25;12;4;7,9;11,9;0;0,49;18,8
01-04-2020 12:00;19;10;8,5;8,9;17,4;0;0;19,1
01-04-2020 13:00;10;0;0;0;0;0;0,61;0
01-04-2020 14:00;19;9;0;0;0;0;0,66;18,8
01-04-2020 15:00;18;9;7,7;17;24,7;0;0,64;21,3
01-04-2020 16:00;13;11;4,9;12,4;17,3;0;0,58;28,2
01-04-2020 17:00;16;10;2,7;14,4;17,1;0;0,61;28,2
01-04-2020 18:00;12;8;3,3;21,6;24,9;0;0,71;19,8
01-04-2020 19:00;20;13;6;24,9;30,9;0;0,77;8,1
01-04-2020 20:00;34;10;5,5;25,9;31,4;0;0,73;5,6
01-04-2020 21:00;18;10;5;23;28;0;0,66;7,6
01-04-2020 22:00;13;12;3,5;19,1;22,6;0;0,63;8,8
01-04-2020 23:00;30;11;4,1;15;19,1;0;0,53;11,5
01-04-2020 24:00;23;7;1,3;12,2;13,5;0;0,48;11,7
02-04-2020 01:00;18;11;1,2;11,4;12,6;0;0,46;11,8
02-04-2020 02:00;17;10;1;7,3;8,3;0;0,42;14,6
02-04-2020 03:00;18;10;1;5,3;6,3;0;0,42;16,7
02-04-2020 04:00;7;7;1;4;5;0;0,4;17
02-04-2020 05:00;6;6;1,7;7,1;8,7;0;0,42;15,1
02-04-2020 06:00;5;4;2,1;13,1;15,3;0;0,51;13,3
02-04-2020 07:00;6;6;5,4;20,9;26,4;0;0,71;10
02-04-2020 08:00;20;5;14,8;22,2;36,9;0;0,8;11,2
02-04-2020 09:00;14;5;4,8;6,6;11,4;0;0,49;23,9
02-04-2020 10:00;6;4;5,1;7,7;12,8;0;0,46;24
02-04-2020 11:00;5;4;1,7;1,9;3,6;0;0,34;26,8
02-04-2020 12:00;10;2;2,2;2,2;4,4;0;0,39;26,1
02-04-2020 13:00;6;0;2,1;2,2;4,3;0;0,4;26,5
02-04-2020 14:00;6;0;2,1;3,1;5,3;0;0,41;25,9
02-04-2020 15:00;10;2;1,8;2,3;4,1;0;0,38;27
02-04-2020 16:00;8;2;1,8;4,3;6,1;0;0,44;25
02-04-2020 17:00;8;2;5,3;11,5;16,8;0;0,57;20,7
02-04-2020 18:00;25;13;4,3;13,3;17,6;0;0,59;17,6
02-04-2020 19:00;27;15;3,2;14,4;17,6;0;0,57;15,1
02-04-2020 20:00;24;11;3,2;15,2;18,4;0;0,57;14,7
02-04-2020 21:00;20;15;4,2;18,3;22,4;0;0,6;13,9
02-04-2020 22:00;27;18;0,9;7,3;8,1;0;0,45;19,9
02-04-2020 23:00;21;12;0,7;4,6;5,3;0;0,42;20,6
02-04-2020 24:00;8;8;0,6;2,7;3,3;0;0,4;22,8
03-04-2020 01:00;10;8;0,4;1,9;2,3;0;0,4;24
03-04-2020 02:00;12;5;0,7;2,6;3,3;0;0,42;25,3
03-04-2020 03:00;12;6;0,9;4,7;5,7;0;0,44;19,4
03-04-2020 04:00;21;16;1;9,3;10,2;0;0,48;14,8
03-04-2020 05:00;25;13;0,6;5,1;5,8;0;0,43;23,2
03-04-2020 06:00;18;18;2,4;15,5;17,9;0;0,53;15
03-04-2020 07:00;35;15;26,7;26,4;53,2;0;0,95;5,9
03-04-2020 08:00;49;29;4,3;6,2;10,5;0;0,5;23,8
03-04-2020 09:00;32;20;2,6;3,9;6,4;0;0;24,3
03-04-2020 10:00;26;12;1,4;2,9;4,3;0;0,47;0
03-04-2020 11:00;12;0;0,8;1,7;2,5;0;0,42;0
03-04-2020 12:00;12;0;1,2;2;3,2;0;0,41;0
03-04-2020 13:00;0;9;1,4;2,3;3,7;0;0,4;0
03-04-2020 14:00;0;15;1,3;2,8;4,1;0;0,37;0
03-04-2020 15:00;0;12;1,2;2,2;3,3;0;0,35;0
03-04-2020 16:00;0;9;2,3;3;5,3;0;0,35;0
03-04-2020 17:00;0;8;3,7;3,5;7,2;0;0,33;0
03-04-2020 18:00;0;5;5,2;6,1;11,2;0;0,36;0
03-04-2020 19:00;0;8;6,1;5,1;11,1;0;0,33;0
03-04-2020 20:00;0;5;6,8;6,2;12,9;0;0,32;0
03-04-2020 21:00;0;2;7,6;7,9;15,5;0;0,33;0
03-04-2020 22:00;0;4;7,8;6,7;14,5;0;0,35;0
03-04-2020 23:00;0;6;8;4,8;12,8;0;0,3;0
03-04-2020 24:00;0;3;8,5;4;12,5;0;0,28;0
04-04-2020 01:00;0;0;8;2,8;10,8;0;0,26;0
04-04-2020 02:00;0;1;8,5;2,5;10,9;0;0,26;0
04-04-2020 03:00;0;2;8,3;2,5;10,7;0;0,25;0
04-04-2020 04:00;0;2;8,4;2,8;11,2;0;0,25;0
04-04-2020 05:00;0;1;8,7;6,1;14,8;0;0,28;0
04-04-2020 06:00;0;4;10,2;8,9;19;0;0,34;0
04-04-2020 07:00;0;2;18,1;11,4;29,5;0;0,5;0
04-04-2020 08:00;0;3;21,3;10,5;31,9;0;0,46;0
04-04-2020 09:00;0;5;13,2;4,3;17,5;0;0,28;0
04-04-2020 10:00;0;3;13;4,2;17,2;0;0,27;0
04-04-2020 11:00;0;3;10,5;2,5;13;0;0,22;0
04-04-2020 12:00;0;1;9;2,1;11;0;0,21;0
04-04-2020 13:00;0;0;8,4;2;10,4;0;0,21;0
04-04-2020 14:00;0;0;8,6;2;10,6;0;0,22;0
04-04-2020 15:00;0;0;9,2;2,3;11,5;0;0,22;0
04-04-2020 16:00;0;4;9,1;1,8;10,9;0;0,22;0
04-04-2020 17:00;0;2;9,7;1,9;11,7;0;0,22;0
04-04-2020 18:00;0;1;10,2;2,9;13,1;0;0,25;0
04-04-2020 19:00;0;0;8,9;4,1;13,1;0;0,25;0
04-04-2020 20:00;0;3;9,9;7;16,8;0;0,32;0
04-04-2020 21:00;0;3;10,5;4,9;15,3;0;0,29;0
04-04-2020 22:00;0;3;8,6;4,3;12,8;0;0,28;0
04-04-2020 23:00;0;4;8,1;4,6;12,8;0;0,28;0
04-04-2020 24:00;0;3;8,3;3,3;11,6;0;0,26;0
;;;;;;;;
;;;;;;;;
;;;;;;;;
;;;;;;;;
;;;;;;;;
;;;;;;;;
;;;;;;;;
;;;;;;;;
;;;;;;;;
;;;;;;;;
;;;;;;;;
